<?xml version="1.0" encoding="UTF-8" ?>
<!DOCTYPE ldml SYSTEM "../../common/dtd/ldml.dtd">
<!-- Copyright © 1991-2013 Unicode, Inc.
CLDR data files are interpreted according to the LDML specification (http://unicode.org/reports/tr35/)
For terms of use, see http://www.unicode.org/copyright.html
-->
<ldml>
	<identity>
		<version number="$Revision: 8245 $"/>
		<generation date="$Date: 2013-02-24 22:19:26 -0600 (Sun, 24 Feb 2013) $"/>
		<language type="aa"/>
	</identity>
	<localeDisplayNames>
		<languages>
			<language type="aa" draft="unconfirmed">Qafar</language>
		</languages>
		<territories>
			<territory type="DJ" draft="unconfirmed">Yabuuti</territory>
			<territory type="ER" draft="unconfirmed">Eretria</territory>
			<territory type="ET" draft="unconfirmed">Otobbia</territory>
		</territories>
	</localeDisplayNames>
	<characters>
		<exemplarCharacters>[a b t s e c k x i d q r f g o l m n u w h y]</exemplarCharacters>
		<exemplarCharacters type="auxiliary">[j p v z]</exemplarCharacters>
		<exemplarCharacters type="index">[A B T S E C K X I D Q R F G O L M N U W H Y]</exemplarCharacters>
	</characters>
	<dates>
		<calendars>
			<calendar type="generic">
				<dateFormats>
					<dateFormatLength type="full">
						<dateFormat>
							<pattern draft="unconfirmed">EEEE, MMMM dd, y G</pattern>
						</dateFormat>
					</dateFormatLength>
					<dateFormatLength type="long">
						<dateFormat>
							<pattern draft="unconfirmed">dd MMMM y G</pattern>
						</dateFormat>
					</dateFormatLength>
					<dateFormatLength type="medium">
						<dateFormat>
							<pattern draft="unconfirmed">dd-MMM-y G</pattern>
						</dateFormat>
					</dateFormatLength>
					<dateFormatLength type="short">
						<dateFormat>
							<pattern draft="unconfirmed">dd/MM/yy GGGGG</pattern>
						</dateFormat>
					</dateFormatLength>
				</dateFormats>
			</calendar>
			<calendar type="gregorian">
				<months>
					<monthContext type="format">
						<monthWidth type="abbreviated">
							<month type="1" draft="unconfirmed">Qun</month>
							<month type="2" draft="unconfirmed">Nah</month>
							<month type="3" draft="unconfirmed">Cig</month>
							<month type="4" draft="unconfirmed">Agd</month>
							<month type="5" draft="unconfirmed">Cax</month>
							<month type="6" draft="unconfirmed">Qas</month>
							<month type="7" draft="unconfirmed">Qad</month>
							<month type="8" draft="unconfirmed">Leq</month>
							<month type="9" draft="unconfirmed">Way</month>
							<month type="10" draft="unconfirmed">Dit</month>
							<month type="11" draft="unconfirmed">Xim</month>
							<month type="12" draft="unconfirmed">Kax</month>
						</monthWidth>
						<monthWidth type="wide">
							<month type="1" draft="unconfirmed">Qunxa Garablu</month>
							<month type="2" draft="unconfirmed">Kudo</month>
							<month type="3" draft="unconfirmed">Ciggilta Kudo</month>
							<month type="4" draft="unconfirmed">Agda Baxis</month>
							<month type="5" draft="unconfirmed">Caxah Alsa</month>
							<month type="6" draft="unconfirmed">Qasa Dirri</month>
							<month type="7" draft="unconfirmed">Qado Dirri</month>
							<month type="8" draft="unconfirmed">Liiqen</month>
							<month type="9" draft="unconfirmed">Waysu</month>
							<month type="10" draft="unconfirmed">Diteli</month>
							<month type="11" draft="unconfirmed">Ximoli</month>
							<month type="12" draft="unconfirmed">Kaxxa Garablu</month>
						</monthWidth>
					</monthContext>
					<monthContext type="stand-alone">
						<monthWidth type="narrow">
							<month type="1" draft="unconfirmed">Q</month>
							<month type="2" draft="unconfirmed">N</month>
							<month type="3" draft="unconfirmed">C</month>
							<month type="4" draft="unconfirmed">A</month>
							<month type="5" draft="unconfirmed">C</month>
							<month type="6" draft="unconfirmed">Q</month>
							<month type="7" draft="unconfirmed">Q</month>
							<month type="8" draft="unconfirmed">L</month>
							<month type="9" draft="unconfirmed">W</month>
							<month type="10" draft="unconfirmed">D</month>
							<month type="11" draft="unconfirmed">X</month>
							<month type="12" draft="unconfirmed">K</month>
						</monthWidth>
					</monthContext>
				</months>
				<days>
					<dayContext type="format">
						<dayWidth type="abbreviated">
							<day type="sun" draft="unconfirmed">Aca</day>
							<day type="mon" draft="unconfirmed">Etl</day>
							<day type="tue" draft="unconfirmed">Tal</day>
							<day type="wed" draft="unconfirmed">Arb</day>
							<day type="thu" draft="unconfirmed">Kam</day>
							<day type="fri" draft="unconfirmed">Gum</day>
							<day type="sat" draft="unconfirmed">Sab</day>
						</dayWidth>
						<dayWidth type="wide">
							<day type="sun" draft="unconfirmed">Acaada</day>
							<day type="mon" draft="unconfirmed">Etleeni</day>
							<day type="tue" draft="unconfirmed">Talaata</day>
							<day type="wed" draft="unconfirmed">Arbaqa</day>
							<day type="thu" draft="unconfirmed">Kamiisi</day>
							<day type="fri" draft="unconfirmed">Gumqata</day>
							<day type="sat" draft="unconfirmed">Sabti</day>
						</dayWidth>
					</dayContext>
					<dayContext type="stand-alone">
						<dayWidth type="narrow">
							<day type="sun" draft="unconfirmed">A</day>
							<day type="mon" draft="unconfirmed">E</day>
							<day type="tue" draft="unconfirmed">T</day>
							<day type="wed" draft="unconfirmed">A</day>
							<day type="thu" draft="unconfirmed">K</day>
							<day type="fri" draft="unconfirmed">G</day>
							<day type="sat" draft="unconfirmed">S</day>
						</dayWidth>
					</dayContext>
				</days>
				<dayPeriods>
					<dayPeriodContext type="format">
						<dayPeriodWidth type="wide">
							<dayPeriod type="am" draft="unconfirmed">saaku</dayPeriod>
							<dayPeriod type="pm" draft="unconfirmed">carra</dayPeriod>
						</dayPeriodWidth>
					</dayPeriodContext>
				</dayPeriods>
				<eras>
					<eraAbbr>
						<era type="0" draft="unconfirmed">Yaasuusuk Duma</era>
						<era type="1" draft="unconfirmed">Yaasuusuk Wadir</era>
					</eraAbbr>
				</eras>
				<dateFormats>
					<dateFormatLength type="full">
						<dateFormat>
							<pattern draft="unconfirmed">EEEE, MMMM dd, y</pattern>
						</dateFormat>
					</dateFormatLength>
					<dateFormatLength type="long">
						<dateFormat>
							<pattern draft="unconfirmed">dd MMMM y</pattern>
						</dateFormat>
					</dateFormatLength>
					<dateFormatLength type="medium">
						<dateFormat>
							<pattern draft="unconfirmed">dd-MMM-y</pattern>
						</dateFormat>
					</dateFormatLength>
					<dateFormatLength type="short">
						<dateFormat>
							<pattern draft="unconfirmed">dd/MM/yy</pattern>
						</dateFormat>
					</dateFormatLength>
				</dateFormats>
				<timeFormats>
					<timeFormatLength type="full">
						<timeFormat>
							<pattern>h:mm:ss a zzzz</pattern>
						</timeFormat>
					</timeFormatLength>
					<timeFormatLength type="long">
						<timeFormat>
							<pattern>h:mm:ss a z</pattern>
						</timeFormat>
					</timeFormatLength>
					<timeFormatLength type="medium">
						<timeFormat>
							<pattern>h:mm:ss a</pattern>
						</timeFormat>
					</timeFormatLength>
					<timeFormatLength type="short">
						<timeFormat>
							<pattern>h:mm a</pattern>
						</timeFormat>
					</timeFormatLength>
				</timeFormats>
			</calendar>
		</calendars>
	</dates>
	<numbers>
		<currencyFormats numberSystem="latn">
			<currencyFormatLength>
				<currencyFormat>
					<pattern draft="unconfirmed">¤#,##0.00</pattern>
				</currencyFormat>
			</currencyFormatLength>
		</currencyFormats>
		<currencies>
			<currency type="ETB">
				<symbol>Br</symbol>
			</currency>
		</currencies>
	</numbers>
</ldml>

