<?xml version="1.0" encoding="UTF-8" ?>
<!DOCTYPE ldml SYSTEM "../../common/dtd/ldml.dtd">
<!-- Copyright © 1991-2013 Unicode, Inc.
CLDR data files are interpreted according to the LDML specification (http://unicode.org/reports/tr35/)
For terms of use, see http://www.unicode.org/copyright.html
-->
<ldml>
	<identity>
		<version number="$Revision: 8245 $"/>
		<generation date="$Date: 2013-02-24 22:19:26 -0600 (Sun, 24 Feb 2013) $"/>
		<language type="ar"/>
		<territory type="IQ"/>
	</identity>
	<dates>
		<calendars>
			<calendar type="gregorian">
				<months>
					<monthContext type="format">
						<monthWidth type="abbreviated">
							<month type="1" draft="contributed">كانون الثاني</month>
							<month type="2" draft="contributed">شباط</month>
							<month type="3" draft="contributed">آذار</month>
							<month type="4" draft="contributed">نيسان</month>
							<month type="5" draft="contributed">أيار</month>
							<month type="6" draft="contributed">حزيران</month>
							<month type="7" draft="contributed">تموز</month>
							<month type="8" draft="contributed">آب</month>
							<month type="9" draft="contributed">أيلول</month>
							<month type="10" draft="contributed">تشرین الأول</month>
							<month type="11" draft="contributed">تشرين الثاني</month>
							<month type="12" draft="contributed">كانون الأول</month>
						</monthWidth>
						<monthWidth type="narrow">
							<month type="1" draft="contributed">ك</month>
							<month type="2" draft="contributed">ش</month>
							<month type="3" draft="contributed">آ</month>
							<month type="4" draft="contributed">ن</month>
							<month type="5" draft="contributed">أ</month>
							<month type="6" draft="contributed">ح</month>
							<month type="7" draft="contributed">ت</month>
							<month type="8" draft="contributed">آ</month>
							<month type="9" draft="contributed">أ</month>
							<month type="10" draft="contributed">ت</month>
							<month type="11" draft="contributed">ت</month>
							<month type="12" draft="contributed">ك</month>
						</monthWidth>
						<monthWidth type="wide">
							<month type="1" draft="contributed">كانون الثاني</month>
							<month type="2" draft="contributed">شباط</month>
							<month type="3" draft="contributed">آذار</month>
							<month type="4" draft="contributed">نيسان</month>
							<month type="5" draft="contributed">أيار</month>
							<month type="6" draft="contributed">حزيران</month>
							<month type="7" draft="contributed">تموز</month>
							<month type="8" draft="contributed">آب</month>
							<month type="9" draft="contributed">أيلول</month>
							<month type="10" draft="contributed">تشرين الأول</month>
							<month type="11" draft="contributed">تشرين الثاني</month>
							<month type="12" draft="contributed">كانون الأول</month>
						</monthWidth>
					</monthContext>
					<monthContext type="stand-alone">
						<monthWidth type="abbreviated">
							<month type="1" draft="contributed">كانون الثاني</month>
							<month type="2" draft="contributed">شباط</month>
							<month type="3" draft="contributed">آذار</month>
							<month type="4" draft="contributed">نيسان</month>
							<month type="5" draft="contributed">أيار</month>
							<month type="6" draft="contributed">حزيران</month>
							<month type="7" draft="contributed">تموز</month>
							<month type="8" draft="contributed">آب</month>
							<month type="9" draft="contributed">أيلول</month>
							<month type="10" draft="contributed">تشرين الأول</month>
							<month type="11" draft="contributed">تشرين الثاني</month>
							<month type="12" draft="contributed">كانون الأول</month>
						</monthWidth>
						<monthWidth type="narrow">
							<month type="1" draft="contributed">ك</month>
							<month type="2" draft="contributed">ش</month>
							<month type="3" draft="contributed">آ</month>
							<month type="4" draft="contributed">ن</month>
							<month type="5" draft="contributed">أ</month>
							<month type="6" draft="contributed">ح</month>
							<month type="7" draft="contributed">ت</month>
							<month type="8" draft="contributed">آ</month>
							<month type="9" draft="contributed">أ</month>
							<month type="10" draft="contributed">ت</month>
							<month type="11" draft="contributed">ت</month>
							<month type="12" draft="contributed">ك</month>
						</monthWidth>
						<monthWidth type="wide">
							<month type="1" draft="contributed">كانون الثاني</month>
							<month type="2" draft="contributed">شباط</month>
							<month type="3" draft="contributed">آذار</month>
							<month type="4" draft="contributed">نيسان</month>
							<month type="5" draft="contributed">أيار</month>
							<month type="6" draft="contributed">حزيران</month>
							<month type="7" draft="contributed">تموز</month>
							<month type="8" draft="contributed">آب</month>
							<month type="9" draft="contributed">أيلول</month>
							<month type="10" draft="contributed">تشرين الأول</month>
							<month type="11" draft="contributed">تشرين الثاني</month>
							<month type="12" draft="contributed">كانون الأول</month>
						</monthWidth>
					</monthContext>
				</months>
			</calendar>
		</calendars>
	</dates>
</ldml>

