<?xml version="1.0" encoding="UTF-8" ?>
<!DOCTYPE ldml SYSTEM "../../common/dtd/ldml.dtd">
<!-- Copyright © 1991-2013 Unicode, Inc.
CLDR data files are interpreted according to the LDML specification (http://unicode.org/reports/tr35/)
For terms of use, see http://www.unicode.org/copyright.html
-->
<ldml>
	<identity>
		<version number="$Revision: 8245 $"/>
		<generation date="$Date: 2013-02-24 22:19:26 -0600 (Sun, 24 Feb 2013) $"/>
		<language type="de"/>
		<territory type="AT"/>
	</identity>
	<dates>
		<calendars>
			<calendar type="generic">
				<dateFormats>
					<dateFormatLength type="full">
						<dateFormat>
							<pattern>EEEE, dd. MMMM y G</pattern>
						</dateFormat>
					</dateFormatLength>
					<dateFormatLength type="long">
						<dateFormat>
							<pattern>dd. MMMM y G</pattern>
						</dateFormat>
					</dateFormatLength>
				</dateFormats>
				<dateTimeFormats>
					<intervalFormats>
						<intervalFormatItem id="MMMd">
							<greatestDifference id="d" draft="unconfirmed">dd.-dd. MMM</greatestDifference>
							<greatestDifference id="M" draft="unconfirmed">dd. MMM - dd. MMM</greatestDifference>
						</intervalFormatItem>
						<intervalFormatItem id="MMMEd">
							<greatestDifference id="d" draft="unconfirmed">E, dd. - E, dd. MMM</greatestDifference>
							<greatestDifference id="M" draft="unconfirmed">E, dd. MMM - E, dd. MMM</greatestDifference>
						</intervalFormatItem>
						<intervalFormatItem id="yMMMd">
							<greatestDifference id="d" draft="unconfirmed">dd.-dd. MMM y G</greatestDifference>
							<greatestDifference id="M" draft="unconfirmed">dd. MMM - dd. MMM y G</greatestDifference>
							<greatestDifference id="y" draft="unconfirmed">dd. MMM y - dd. MMM y G</greatestDifference>
						</intervalFormatItem>
						<intervalFormatItem id="yMMMEd">
							<greatestDifference id="d" draft="unconfirmed">E, dd. - E, dd. MMM y G</greatestDifference>
							<greatestDifference id="M" draft="unconfirmed">E, dd. MMM - E, dd. MMM y G</greatestDifference>
							<greatestDifference id="y" draft="unconfirmed">E, dd. MMM y - E, dd. MMM y G</greatestDifference>
						</intervalFormatItem>
					</intervalFormats>
				</dateTimeFormats>
			</calendar>
			<calendar type="gregorian">
				<months>
					<monthContext type="format">
						<monthWidth type="abbreviated">
							<month type="1">Jän</month>
						</monthWidth>
						<monthWidth type="wide">
							<month type="1">Jänner</month>
						</monthWidth>
					</monthContext>
					<monthContext type="stand-alone">
						<monthWidth type="abbreviated">
							<month type="1">Jän</month>
						</monthWidth>
					</monthContext>
				</months>
				<dateFormats>
					<dateFormatLength type="full">
						<dateFormat>
							<pattern>EEEE, dd. MMMM y</pattern>
						</dateFormat>
					</dateFormatLength>
					<dateFormatLength type="long">
						<dateFormat>
							<pattern>dd. MMMM y</pattern>
						</dateFormat>
					</dateFormatLength>
				</dateFormats>
				<dateTimeFormats>
					<intervalFormats>
						<intervalFormatItem id="MMMd">
							<greatestDifference id="d" draft="unconfirmed">dd.-dd. MMM</greatestDifference>
							<greatestDifference id="M" draft="unconfirmed">dd. MMM - dd. MMM</greatestDifference>
						</intervalFormatItem>
						<intervalFormatItem id="MMMEd">
							<greatestDifference id="d" draft="unconfirmed">E, dd. - E, dd. MMM</greatestDifference>
							<greatestDifference id="M" draft="unconfirmed">E, dd. MMM - E, dd. MMM</greatestDifference>
						</intervalFormatItem>
						<intervalFormatItem id="yMMMd">
							<greatestDifference id="d" draft="unconfirmed">dd.-dd. MMM y</greatestDifference>
							<greatestDifference id="M" draft="unconfirmed">dd. MMM - dd. MMM y</greatestDifference>
							<greatestDifference id="y" draft="unconfirmed">dd. MMM y - dd. MMM y</greatestDifference>
						</intervalFormatItem>
						<intervalFormatItem id="yMMMEd">
							<greatestDifference id="d" draft="unconfirmed">E, dd. - E, dd. MMM y</greatestDifference>
							<greatestDifference id="M" draft="unconfirmed">E, dd. MMM - E, dd. MMM y</greatestDifference>
							<greatestDifference id="y" draft="unconfirmed">E, dd. MMM y - E, dd. MMM y</greatestDifference>
						</intervalFormatItem>
					</intervalFormats>
				</dateTimeFormats>
			</calendar>
		</calendars>
	</dates>
	<numbers>
		<currencyFormats numberSystem="latn">
			<currencyFormatLength>
				<currencyFormat>
					<pattern>¤ #,##0.00</pattern>
				</currencyFormat>
			</currencyFormatLength>
		</currencyFormats>
	</numbers>
</ldml>

