<?xml version="1.0" encoding="UTF-8" ?>
<!DOCTYPE ldml SYSTEM "../../common/dtd/ldml.dtd">
<!-- Copyright © 1991-2013 Unicode, Inc.
CLDR data files are interpreted according to the LDML specification (http://unicode.org/reports/tr35/)
For terms of use, see http://www.unicode.org/copyright.html
-->
<ldml>
	<identity>
		<version number="$Revision: 8245 $"/>
		<generation date="$Date: 2013-02-24 22:19:26 -0600 (Sun, 24 Feb 2013) $"/>
		<language type="en"/>
		<territory type="CA"/>
	</identity>
	<dates>
		<timeZoneNames>
			<metazone type="Newfoundland">
				<short>
					<generic>NT</generic>
					<standard>NST</standard>
					<daylight>NDT</daylight>
				</short>
			</metazone>
		</timeZoneNames>
	</dates>
	<numbers>
		<currencies>
			<currency type="CAD">
				<symbol>$</symbol>
			</currency>
			<currency type="USD">
				<symbol>US$</symbol>
			</currency>
		</currencies>
	</numbers>
</ldml>

