<?xml version="1.0" encoding="UTF-8" ?>
<!DOCTYPE ldml SYSTEM "../../common/dtd/ldml.dtd">
<!-- Copyright © 1991-2013 Unicode, Inc.
CLDR data files are interpreted according to the LDML specification (http://unicode.org/reports/tr35/)
For terms of use, see http://www.unicode.org/copyright.html
-->
<ldml>
	<identity>
		<version number="$Revision: 8245 $"/>
		<generation date="$Date: 2013-02-24 22:19:26 -0600 (Sun, 24 Feb 2013) $"/>
		<language type="en"/>
		<territory type="IE"/>
	</identity>
	<dates>
		<calendars>
			<calendar type="generic">
				<dayPeriods>
					<dayPeriodContext type="format">
						<dayPeriodWidth type="wide">
							<dayPeriod type="am">a.m.</dayPeriod>
							<dayPeriod type="pm">p.m.</dayPeriod>
						</dayPeriodWidth>
					</dayPeriodContext>
				</dayPeriods>
				<dateFormats>
					<dateFormatLength type="full">
						<dateFormat>
							<pattern>EEEE d MMMM y G</pattern>
						</dateFormat>
					</dateFormatLength>
					<dateFormatLength type="long">
						<dateFormat>
							<pattern>d MMMM y G</pattern>
						</dateFormat>
					</dateFormatLength>
					<dateFormatLength type="medium">
						<dateFormat>
							<pattern>d MMM y G</pattern>
						</dateFormat>
					</dateFormatLength>
					<dateFormatLength type="short">
						<dateFormat>
							<pattern>dd/MM/y GGGGG</pattern>
						</dateFormat>
					</dateFormatLength>
				</dateFormats>
				<dateTimeFormats>
					<availableFormats>
						<dateFormatItem id="Md" draft="contributed">d/M</dateFormatItem>
						<dateFormatItem id="MEd" draft="contributed">E, d/M</dateFormatItem>
						<dateFormatItem id="yMd">d/M/y</dateFormatItem>
						<dateFormatItem id="yMEd" draft="contributed">E, d/M/y</dateFormatItem>
						<dateFormatItem id="yMMMEd">E d MMM y</dateFormatItem>
					</availableFormats>
					<intervalFormats>
						<intervalFormatFallback draft="contributed">{0} - {1}</intervalFormatFallback>
						<intervalFormatItem id="d">
							<greatestDifference id="d" draft="contributed">d-d</greatestDifference>
						</intervalFormatItem>
						<intervalFormatItem id="hm">
							<greatestDifference id="h" draft="contributed">h:mm-h:mm a</greatestDifference>
							<greatestDifference id="m" draft="contributed">h:mm-h:mm a</greatestDifference>
						</intervalFormatItem>
						<intervalFormatItem id="Hm">
							<greatestDifference id="H" draft="unconfirmed">HH:mm-HH:mm</greatestDifference>
							<greatestDifference id="m" draft="contributed">HH:mm-HH:mm</greatestDifference>
						</intervalFormatItem>
						<intervalFormatItem id="hmv">
							<greatestDifference id="h" draft="contributed">h:mm-h:mm a v</greatestDifference>
							<greatestDifference id="m" draft="contributed">h:mm-h:mm a v</greatestDifference>
						</intervalFormatItem>
						<intervalFormatItem id="Hmv">
							<greatestDifference id="H" draft="contributed">HH:mm-HH:mm v</greatestDifference>
							<greatestDifference id="m" draft="contributed">HH:mm-HH:mm v</greatestDifference>
						</intervalFormatItem>
						<intervalFormatItem id="M">
							<greatestDifference id="M" draft="contributed">M-M</greatestDifference>
						</intervalFormatItem>
						<intervalFormatItem id="Md">
							<greatestDifference id="d" draft="contributed">dd/MM - dd/MM</greatestDifference>
							<greatestDifference id="M" draft="contributed">dd/MM - dd/MM</greatestDifference>
						</intervalFormatItem>
						<intervalFormatItem id="MEd">
							<greatestDifference id="d" draft="contributed">E dd/MM - E dd/MM</greatestDifference>
							<greatestDifference id="M" draft="contributed">E dd/MM - E dd/MM</greatestDifference>
						</intervalFormatItem>
						<intervalFormatItem id="MMM">
							<greatestDifference id="M" draft="contributed">MMM-MMM</greatestDifference>
						</intervalFormatItem>
						<intervalFormatItem id="MMMd">
							<greatestDifference id="d" draft="contributed">d-d MMM</greatestDifference>
							<greatestDifference id="M" draft="contributed">d MMM - d MMM</greatestDifference>
						</intervalFormatItem>
						<intervalFormatItem id="MMMEd">
							<greatestDifference id="d" draft="contributed">E d - E d MMM</greatestDifference>
							<greatestDifference id="M" draft="contributed">E d MMM - E d MMM</greatestDifference>
						</intervalFormatItem>
						<intervalFormatItem id="yM">
							<greatestDifference id="M" draft="contributed">MM/y - MM/y</greatestDifference>
							<greatestDifference id="y" draft="contributed">MM/y - MM/y</greatestDifference>
						</intervalFormatItem>
						<intervalFormatItem id="yMd">
							<greatestDifference id="d" draft="contributed">dd/MM/y - dd/MM/y</greatestDifference>
							<greatestDifference id="M" draft="contributed">dd/MM/y - dd/MM/y</greatestDifference>
							<greatestDifference id="y" draft="contributed">dd/MM/y - dd/MM/y</greatestDifference>
						</intervalFormatItem>
						<intervalFormatItem id="yMEd">
							<greatestDifference id="d" draft="contributed">E dd/MM/y - E dd/MM/y</greatestDifference>
							<greatestDifference id="M" draft="contributed">E dd/MM/y - E dd/MM/y</greatestDifference>
							<greatestDifference id="y" draft="contributed">E dd/MM/y - E dd/MM/y</greatestDifference>
						</intervalFormatItem>
						<intervalFormatItem id="yMMM">
							<greatestDifference id="M" draft="contributed">MMM-MMM y</greatestDifference>
							<greatestDifference id="y" draft="contributed">MMM y - MMM y</greatestDifference>
						</intervalFormatItem>
						<intervalFormatItem id="yMMMd">
							<greatestDifference id="d" draft="contributed">d-d MMM y</greatestDifference>
							<greatestDifference id="M" draft="contributed">d MMM - d MMM y</greatestDifference>
							<greatestDifference id="y" draft="contributed">d MMM y - d MMM y</greatestDifference>
						</intervalFormatItem>
						<intervalFormatItem id="yMMMEd">
							<greatestDifference id="d" draft="contributed">E d - E d MMM y</greatestDifference>
							<greatestDifference id="M" draft="contributed">E d MMM - E d MMM y</greatestDifference>
							<greatestDifference id="y" draft="contributed">E d MMM y - E d MMM y</greatestDifference>
						</intervalFormatItem>
					</intervalFormats>
				</dateTimeFormats>
			</calendar>
			<calendar type="gregorian">
				<dayPeriods>
					<dayPeriodContext type="format">
						<dayPeriodWidth type="wide">
							<dayPeriod type="am">a.m.</dayPeriod>
							<dayPeriod type="pm">p.m.</dayPeriod>
						</dayPeriodWidth>
					</dayPeriodContext>
				</dayPeriods>
				<dateFormats>
					<dateFormatLength type="full">
						<dateFormat>
							<pattern>EEEE d MMMM y</pattern>
						</dateFormat>
					</dateFormatLength>
					<dateFormatLength type="long">
						<dateFormat>
							<pattern>d MMMM y</pattern>
						</dateFormat>
					</dateFormatLength>
					<dateFormatLength type="medium">
						<dateFormat>
							<pattern>d MMM y</pattern>
						</dateFormat>
					</dateFormatLength>
					<dateFormatLength type="short">
						<dateFormat>
							<pattern>dd/MM/y</pattern>
						</dateFormat>
					</dateFormatLength>
				</dateFormats>
				<dateTimeFormats>
					<availableFormats>
						<dateFormatItem id="Md" draft="contributed">d/M</dateFormatItem>
						<dateFormatItem id="MEd" draft="contributed">E, d/M</dateFormatItem>
						<dateFormatItem id="yMd">d/M/y</dateFormatItem>
						<dateFormatItem id="yMEd" draft="contributed">E, d/M/y</dateFormatItem>
						<dateFormatItem id="yMMMEd">E d MMM y</dateFormatItem>
					</availableFormats>
					<intervalFormats>
						<intervalFormatFallback draft="contributed">{0} - {1}</intervalFormatFallback>
						<intervalFormatItem id="d">
							<greatestDifference id="d" draft="contributed">d-d</greatestDifference>
						</intervalFormatItem>
						<intervalFormatItem id="hm">
							<greatestDifference id="h" draft="contributed">h:mm-h:mm a</greatestDifference>
							<greatestDifference id="m" draft="contributed">h:mm-h:mm a</greatestDifference>
						</intervalFormatItem>
						<intervalFormatItem id="Hm">
							<greatestDifference id="H" draft="unconfirmed">HH:mm-HH:mm</greatestDifference>
							<greatestDifference id="m" draft="contributed">HH:mm-HH:mm</greatestDifference>
						</intervalFormatItem>
						<intervalFormatItem id="hmv">
							<greatestDifference id="h" draft="contributed">h:mm-h:mm a v</greatestDifference>
							<greatestDifference id="m" draft="contributed">h:mm-h:mm a v</greatestDifference>
						</intervalFormatItem>
						<intervalFormatItem id="Hmv">
							<greatestDifference id="H" draft="contributed">HH:mm-HH:mm v</greatestDifference>
							<greatestDifference id="m" draft="contributed">HH:mm-HH:mm v</greatestDifference>
						</intervalFormatItem>
						<intervalFormatItem id="M">
							<greatestDifference id="M" draft="contributed">M-M</greatestDifference>
						</intervalFormatItem>
						<intervalFormatItem id="Md">
							<greatestDifference id="d" draft="contributed">dd/MM - dd/MM</greatestDifference>
							<greatestDifference id="M" draft="contributed">dd/MM - dd/MM</greatestDifference>
						</intervalFormatItem>
						<intervalFormatItem id="MEd">
							<greatestDifference id="d" draft="contributed">E dd/MM - E dd/MM</greatestDifference>
							<greatestDifference id="M" draft="contributed">E dd/MM - E dd/MM</greatestDifference>
						</intervalFormatItem>
						<intervalFormatItem id="MMM">
							<greatestDifference id="M" draft="contributed">MMM-MMM</greatestDifference>
						</intervalFormatItem>
						<intervalFormatItem id="MMMd">
							<greatestDifference id="d" draft="contributed">d-d MMM</greatestDifference>
							<greatestDifference id="M" draft="contributed">d MMM - d MMM</greatestDifference>
						</intervalFormatItem>
						<intervalFormatItem id="MMMEd">
							<greatestDifference id="d" draft="contributed">E d - E d MMM</greatestDifference>
							<greatestDifference id="M" draft="contributed">E d MMM - E d MMM</greatestDifference>
						</intervalFormatItem>
						<intervalFormatItem id="yM">
							<greatestDifference id="M" draft="contributed">MM/y - MM/y</greatestDifference>
							<greatestDifference id="y" draft="contributed">MM/y - MM/y</greatestDifference>
						</intervalFormatItem>
						<intervalFormatItem id="yMd">
							<greatestDifference id="d" draft="contributed">dd/MM/y - dd/MM/y</greatestDifference>
							<greatestDifference id="M" draft="contributed">dd/MM/y - dd/MM/y</greatestDifference>
							<greatestDifference id="y" draft="contributed">dd/MM/y - dd/MM/y</greatestDifference>
						</intervalFormatItem>
						<intervalFormatItem id="yMEd">
							<greatestDifference id="d" draft="contributed">E dd/MM/y - E dd/MM/y</greatestDifference>
							<greatestDifference id="M" draft="contributed">E dd/MM/y - E dd/MM/y</greatestDifference>
							<greatestDifference id="y" draft="contributed">E dd/MM/y - E dd/MM/y</greatestDifference>
						</intervalFormatItem>
						<intervalFormatItem id="yMMM">
							<greatestDifference id="M" draft="contributed">MMM-MMM y</greatestDifference>
							<greatestDifference id="y" draft="contributed">MMM y - MMM y</greatestDifference>
						</intervalFormatItem>
						<intervalFormatItem id="yMMMd">
							<greatestDifference id="d" draft="contributed">d-d MMM y</greatestDifference>
							<greatestDifference id="M" draft="contributed">d MMM - d MMM y</greatestDifference>
							<greatestDifference id="y" draft="contributed">d MMM y - d MMM y</greatestDifference>
						</intervalFormatItem>
						<intervalFormatItem id="yMMMEd">
							<greatestDifference id="d" draft="contributed">E d - E d MMM y</greatestDifference>
							<greatestDifference id="M" draft="contributed">E d MMM - E d MMM y</greatestDifference>
							<greatestDifference id="y" draft="contributed">E d MMM y - E d MMM y</greatestDifference>
						</intervalFormatItem>
					</intervalFormats>
				</dateTimeFormats>
			</calendar>
		</calendars>
		<timeZoneNames>
			<zone type="Europe/Dublin">
				<short>
					<daylight>IST</daylight>
				</short>
			</zone>
		</timeZoneNames>
	</dates>
</ldml>

