<?xml version="1.0" encoding="UTF-8" ?>
<!DOCTYPE ldml SYSTEM "../../common/dtd/ldml.dtd">
<!--
Copyright © 1991-2013 Unicode, Inc.
CLDR data files are interpreted according to the LDML specification (http://unicode.org/reports/tr35/)
For terms of use, see http://www.unicode.org/copyright.html
-->
<ldml>
	<identity>
		<version number="$Revision: 8268 $"/>
		<generation date="$Date: 2013-03-01 08:26:02 -0600 (Fri, 01 Mar 2013) $"/>
		<language type="sv"/>
	</identity>
	<metadata>
		<casingData>
			<casingItem type="calendar-field">lowercase</casingItem>
			<casingItem type="day-format-except-narrow">lowercase</casingItem>
			<casingItem type="day-narrow">titlecase</casingItem>
			<casingItem type="day-standalone-except-narrow">titlecase</casingItem>
			<casingItem type="displayName">lowercase</casingItem>
			<casingItem type="displayName-count">lowercase</casingItem>
			<casingItem type="key">lowercase</casingItem>
			<casingItem type="language">lowercase</casingItem>
			<casingItem type="metazone-short">titlecase</casingItem>
			<casingItem type="month-format-except-narrow">lowercase</casingItem>
			<casingItem type="month-narrow">titlecase</casingItem>
			<casingItem type="month-standalone-except-narrow">titlecase</casingItem>
			<casingItem type="quarter-abbreviated">titlecase</casingItem>
			<casingItem type="script">lowercase</casingItem>
			<casingItem type="symbol">titlecase</casingItem>
			<casingItem type="tense">lowercase</casingItem>
			<casingItem type="territory">titlecase</casingItem>
			<casingItem type="type">lowercase</casingItem>
			<casingItem type="unit-pattern">lowercase</casingItem>
			<casingItem type="zone-exemplarCity">titlecase</casingItem>
		</casingData>
	</metadata>
</ldml>
