<?xml version="1.0" encoding="UTF-8" ?>
<!DOCTYPE ldml SYSTEM "../../common/dtd/ldml.dtd">
<!--
Copyright © 1991-2013 Unicode, Inc.
CLDR data files are interpreted according to the LDML specification (http://unicode.org/reports/tr35/)
For terms of use, see http://www.unicode.org/copyright.html
-->
<ldml>
	<identity>
		<version number="$Revision: 8268 $"/>
		<generation date="$Date: 2013-03-01 08:26:02 -0600 (Fri, 01 Mar 2013) $"/>
		<language type="vun"/>
	</identity>
	<metadata>
		<casingData>
			<casingItem type="calendar-field">titlecase</casingItem>
			<casingItem type="day-format-except-narrow">titlecase</casingItem>
			<casingItem type="day-narrow">titlecase</casingItem>
			<casingItem type="day-standalone-except-narrow">titlecase</casingItem>
			<casingItem type="displayName">titlecase</casingItem>
			<casingItem type="displayName-count">titlecase</casingItem>
			<casingItem type="era-abbr">titlecase</casingItem>
			<casingItem type="era-name">titlecase</casingItem>
			<casingItem type="era-narrow">titlecase</casingItem>
			<casingItem type="language">titlecase</casingItem>
			<casingItem type="month-format-except-narrow">titlecase</casingItem>
			<casingItem type="month-narrow">titlecase</casingItem>
			<casingItem type="month-standalone-except-narrow">titlecase</casingItem>
			<casingItem type="quarter-abbreviated">titlecase</casingItem>
			<casingItem type="quarter-format-wide">titlecase</casingItem>
			<casingItem type="quarter-standalone-wide">titlecase</casingItem>
			<casingItem type="symbol">titlecase</casingItem>
			<casingItem type="tense">titlecase</casingItem>
			<casingItem type="territory">titlecase</casingItem>
		</casingData>
	</metadata>
</ldml>
