<?xml version="1.0" encoding="UTF-8" ?>
<!DOCTYPE ldml SYSTEM "../../common/dtd/ldml.dtd">
<!--
Copyright © 1991-2013 Unicode, Inc.
CLDR data files are interpreted according to the LDML specification (http://unicode.org/reports/tr35/)
For terms of use, see http://www.unicode.org/copyright.html
-->
<ldml>
	<identity>
		<version number="$Revision: 8242 $"/>
		<generation date="$Date: 2013-02-24 21:06:02 -0600 (Sun, 24 Feb 2013) $"/>
		<language type="aa"/> 
	</identity>
	<collations validSubLocales="aa_DJ aa_ER aa_ET">
		<collation type="standard" >
			<rules>
				<reset>B</reset>
				<p>t</p>
				<t>T</t>
				<p>s</p>
				<t>S</t>
				<p>e</p>
				<t>E</t>
				<reset>C</reset>
				<p>k</p>
				<t>K</t>
				<p>x</p>
				<t>X</t>
				<p>i</p>
				<t>I</t>
				<reset>D</reset>
				<p>q</p>
				<t>Q</t>
				<p>r</p>
				<t>R</t>
				<reset>G</reset>
				<p>o</p>
				<t>O</t>
				<reset>W</reset>
				<p>h</p>
				<t>H</t>
			</rules>
		</collation>
	</collations>
</ldml>
