<?xml version="1.0" encoding="UTF-8" ?>
<!DOCTYPE ldml SYSTEM "../../common/dtd/ldml.dtd">
<!--
Copyright © 1991-2013 Unicode, Inc.
CLDR data files are interpreted according to the LDML specification (http://unicode.org/reports/tr35/)
For terms of use, see http://www.unicode.org/copyright.html
-->
<ldml>
	<identity>
		<version number="$Revision: 8242 $"/>
		<generation date="$Date: 2013-02-24 21:06:02 -0600 (Sun, 24 Feb 2013) $"/>
		<language type="as"/>
	</identity>
		<collations  validSubLocales="as_IN">
<collation type="standard" references="http://www.eki.ee/wgrs/rom1_as.pdf">
<settings normalization="on" reorder="Beng Deva Guru Gujr Orya Taml Telu Knda Mlym Sinh"/>
<rules>

<!--
The following tailoring is an adjustment of the
DUCET collation order for ANUSVARA, CANDRABINDU,
and VISARGA. Instead of being sorted with secondary
weights, they are collated on primary level between
the independent vowels and the consonants.
-->
<reset>ঔ</reset>
<p>ং</p>
<p>ঁ</p>
<p>ঃ</p>

<!--
KHANDA-TA is sorted before TA.
-->
<reset before="primary">ত</reset>
<p>ৎ</p>
<i>ত্‍</i>

<!--
KSSA is sorted after HA.
-->
<reset>হ</reset>
<p>ক্ষ</p>

</rules>
</collation>
		</collations>
</ldml>

