<?xml version="1.0" encoding="UTF-8" ?>
<!DOCTYPE ldml SYSTEM "../../common/dtd/ldml.dtd">
<!--
Copyright © 1991-2013 Unicode, Inc.
CLDR data files are interpreted according to the LDML specification (http://unicode.org/reports/tr35/)
For terms of use, see http://www.unicode.org/copyright.html
-->
<ldml>
	<identity>
		<version number="$Revision: 8242 $"/>
		<generation date="$Date: 2013-02-24 21:06:02 -0600 (Sun, 24 Feb 2013) $"/>
		<language type="be"/> 
	</identity>
	<collations  validSubLocales="be_BY">
		<collation type="standard">
			<settings reorder="Cyrl"/>
			<suppress_contractions>[АаӘәГгЕеЖжЗзІіОоӨөКкЧчЫыЭэѴѵ]</suppress_contractions>
			<!--
				List of UCA contractions remaining after suppression:

				Ё 0415 0308 CYRILLIC CAPITAL LETTER IO
				ё 0435 0308 CYRILLIC SMALL LETTER IO
				Й 0418 0306 CYRILLIC CAPITAL LETTER SHORT I
				й 0438 0306 CYRILLIC SMALL LETTER SHORT I
				Ў 0423 0306 CYRILLIC CAPITAL LETTER SHORT U
				ў 0443 0306 CYRILLIC SMALL LETTER SHORT U
			-->
			<rules>
			    <reset>Е</reset>
			        <p>ё</p>
			        <t>Ё</t>
			</rules>
		</collation>
	</collations>
</ldml>
