<?xml version="1.0" encoding="UTF-8" ?>
<!DOCTYPE ldml SYSTEM "../../common/dtd/ldml.dtd">
<!--
Copyright © 1991-2013 Unicode, Inc.
CLDR data files are interpreted according to the LDML specification (http://unicode.org/reports/tr35/)
For terms of use, see http://www.unicode.org/copyright.html
-->
<ldml>
	<identity>
		<version number="$Revision: 8242 $"/>
		<generation date="$Date: 2013-02-24 21:06:02 -0600 (Sun, 24 Feb 2013) $"/>
		<language type="bn"/>
	</identity>
	<collations  validSubLocales="bn_BD bn_IN">
		<collation type="standard">
			<settings normalization="on" reorder="Beng Deva Guru Gujr Orya Taml Telu Knda Mlym Sinh"/>
			<rules>
				<reset>ঔ</reset>
				<p>ং</p>
				<p>ঃ</p>
				<p>ঁ</p>
			</rules>
		</collation>
		<collation type="traditional" references="Biswas: Samsad Bengali-English Dictionary ISBN:8186806865">
			<settings normalization="on" reorder="Beng Deva Guru Gujr Orya Taml Telu Knda Mlym Sinh"/>
			<rules>
				<reset>ঔ</reset>
				<p>ং</p>
				<p>ঃ</p>
				<p>ঁ</p>
				<p>ক্</p>
				<p>খ্</p>
				<p>গ্</p>
				<p>ঘ্</p>
				<p>ঙ্</p>
				<p>চ্</p>
				<p>ছ্</p>
				<p>জ্</p>
				<p>ঝ্</p>
				<p>ঞ্</p>
				<p>ট্</p>
				<p>ঠ্</p>
				<p>ড্</p>
				<p>ঢ্</p>
				<p>ণ্</p>
				<p>ৎ</p><i>ত্‍</i><s>ত্</s>
				<p>থ্</p>
				<p>দ্</p>
				<p>ধ্</p>
				<p>ন্</p>
				<p>প্</p>
				<p>ফ্</p>
				<p>ব্</p>
				<p>ভ্</p>
				<p>ম্</p>
				<p>য্</p>
				<p>র্</p>
				<p>ৰ্</p>
				<p>ল্</p>
				<p>ৱ্</p>
				<p>শ্</p>
				<p>ষ্</p>
				<p>স্</p>
				<p>হ্</p>

				<reset>ক্অ</reset><i>ক</i>
				<reset>ক্আ</reset><i>কা</i>
				<reset>ক্ই</reset><i>কি</i>
				<reset>ক্ঈ</reset><i>কী</i>
				<reset>ক্উ</reset><i>কু</i>
				<reset>ক্ঊ</reset><i>কূ</i>
				<reset>ক্ঋ</reset><i>কৃ</i>
				<reset>ক্ৠ</reset><i>কৄ</i>
				<reset>ক্ঌ</reset><i>কৢ</i>
				<reset>ক্ৡ</reset><i>কৣ</i>
				<reset>ক্এ</reset><i>কে</i>
				<reset>ক্ঐ</reset><i>কৈ</i>
				<reset>ক্ও</reset><i>কো</i>
				<reset>ক্ঔ</reset><i>কৌ</i>

				<reset>খ্অ</reset><i>খ</i>
				<reset>খ্আ</reset><i>খা</i>
				<reset>খ্ই</reset><i>খি</i>
				<reset>খ্ঈ</reset><i>খী</i>
				<reset>খ্উ</reset><i>খু</i>
				<reset>খ্ঊ</reset><i>খূ</i>
				<reset>খ্ঋ</reset><i>খৃ</i>
				<reset>খ্ৠ</reset><i>খৄ</i>
				<reset>খ্ঌ</reset><i>খৢ</i>
				<reset>খ্ৡ</reset><i>খৣ</i>
				<reset>খ্এ</reset><i>খে</i>
				<reset>খ্ঐ</reset><i>খৈ</i>
				<reset>খ্ও</reset><i>খো</i>
				<reset>খ্ঔ</reset><i>খৌ</i>

				<reset>গ্অ</reset><i>গ</i>
				<reset>গ্আ</reset><i>গা</i>
				<reset>গ্ই</reset><i>গি</i>
				<reset>গ্ঈ</reset><i>গী</i>
				<reset>গ্উ</reset><i>গু</i>
				<reset>গ্ঊ</reset><i>গূ</i>
				<reset>গ্ঋ</reset><i>গৃ</i>
				<reset>গ্ৠ</reset><i>গৄ</i>
				<reset>গ্ঌ</reset><i>গৢ</i>
				<reset>গ্ৡ</reset><i>গৣ</i>
				<reset>গ্এ</reset><i>গে</i>
				<reset>গ্ঐ</reset><i>গৈ</i>
				<reset>গ্ও</reset><i>গো</i>
				<reset>গ্ঔ</reset><i>গৌ</i>

				<reset>ঘ্অ</reset><i>ঘ</i>
				<reset>ঘ্আ</reset><i>ঘা</i>
				<reset>ঘ্ই</reset><i>ঘি</i>
				<reset>ঘ্ঈ</reset><i>ঘী</i>
				<reset>ঘ্উ</reset><i>ঘু</i>
				<reset>ঘ্ঊ</reset><i>ঘূ</i>
				<reset>ঘ্ঋ</reset><i>ঘৃ</i>
				<reset>ঘ্ৠ</reset><i>ঘৄ</i>
				<reset>ঘ্ঌ</reset><i>ঘৢ</i>
				<reset>ঘ্ৡ</reset><i>ঘৣ</i>
				<reset>ঘ্এ</reset><i>ঘে</i>
				<reset>ঘ্ঐ</reset><i>ঘৈ</i>
				<reset>ঘ্ও</reset><i>ঘো</i>
				<reset>ঘ্ঔ</reset><i>ঘৌ</i>

				<reset>ঙ্অ</reset><i>ঙ</i>
				<reset>ঙ্আ</reset><i>ঙা</i>
				<reset>ঙ্ই</reset><i>ঙি</i>
				<reset>ঙ্ঈ</reset><i>ঙী</i>
				<reset>ঙ্উ</reset><i>ঙু</i>
				<reset>ঙ্ঊ</reset><i>ঙূ</i>
				<reset>ঙ্ঋ</reset><i>ঙৃ</i>
				<reset>ঙ্ৠ</reset><i>ঙৄ</i>
				<reset>ঙ্ঌ</reset><i>ঙৢ</i>
				<reset>ঙ্ৡ</reset><i>ঙৣ</i>
				<reset>ঙ্এ</reset><i>ঙে</i>
				<reset>ঙ্ঐ</reset><i>ঙৈ</i>
				<reset>ঙ্ও</reset><i>ঙো</i>
				<reset>ঙ্ঔ</reset><i>ঙৌ</i>

				<reset>চ্অ</reset><i>চ</i>
				<reset>চ্আ</reset><i>চা</i>
				<reset>চ্ই</reset><i>চি</i>
				<reset>চ্ঈ</reset><i>চী</i>
				<reset>চ্উ</reset><i>চু</i>
				<reset>চ্ঊ</reset><i>চূ</i>
				<reset>চ্ঋ</reset><i>চৃ</i>
				<reset>চ্ৠ</reset><i>চৄ</i>
				<reset>চ্ঌ</reset><i>চৢ</i>
				<reset>চ্ৡ</reset><i>চৣ</i>
				<reset>চ্এ</reset><i>চে</i>
				<reset>চ্ঐ</reset><i>চৈ</i>
				<reset>চ্ও</reset><i>চো</i>
				<reset>চ্ঔ</reset><i>চৌ</i>

				<reset>ছ্অ</reset><i>ছ</i>
				<reset>ছ্আ</reset><i>ছা</i>
				<reset>ছ্ই</reset><i>ছি</i>
				<reset>ছ্ঈ</reset><i>ছী</i>
				<reset>ছ্উ</reset><i>ছু</i>
				<reset>ছ্ঊ</reset><i>ছূ</i>
				<reset>ছ্ঋ</reset><i>ছৃ</i>
				<reset>ছ্ৠ</reset><i>ছৄ</i>
				<reset>ছ্ঌ</reset><i>ছৢ</i>
				<reset>ছ্ৡ</reset><i>ছৣ</i>
				<reset>ছ্এ</reset><i>ছে</i>
				<reset>ছ্ঐ</reset><i>ছৈ</i>
				<reset>ছ্ও</reset><i>ছো</i>
				<reset>ছ্ঔ</reset><i>ছৌ</i>

				<reset>জ্অ</reset><i>জ</i>
				<reset>জ্আ</reset><i>জা</i>
				<reset>জ্ই</reset><i>জি</i>
				<reset>জ্ঈ</reset><i>জী</i>
				<reset>জ্উ</reset><i>জু</i>
				<reset>জ্ঊ</reset><i>জূ</i>
				<reset>জ্ঋ</reset><i>জৃ</i>
				<reset>জ্ৠ</reset><i>জৄ</i>
				<reset>জ্ঌ</reset><i>জৢ</i>
				<reset>জ্ৡ</reset><i>জৣ</i>
				<reset>জ্এ</reset><i>জে</i>
				<reset>জ্ঐ</reset><i>জৈ</i>
				<reset>জ্ও</reset><i>জো</i>
				<reset>জ্ঔ</reset><i>জৌ</i>

				<reset>ঝ্অ</reset><i>ঝ</i>
				<reset>ঝ্আ</reset><i>ঝা</i>
				<reset>ঝ্ই</reset><i>ঝি</i>
				<reset>ঝ্ঈ</reset><i>ঝী</i>
				<reset>ঝ্উ</reset><i>ঝু</i>
				<reset>ঝ্ঊ</reset><i>ঝূ</i>
				<reset>ঝ্ঋ</reset><i>ঝৃ</i>
				<reset>ঝ্ৠ</reset><i>ঝৄ</i>
				<reset>ঝ্ঌ</reset><i>ঝৢ</i>
				<reset>ঝ্ৡ</reset><i>ঝৣ</i>
				<reset>ঝ্এ</reset><i>ঝে</i>
				<reset>ঝ্ঐ</reset><i>ঝৈ</i>
				<reset>ঝ্ও</reset><i>ঝো</i>
				<reset>ঝ্ঔ</reset><i>ঝৌ</i>

				<reset>ঞ্অ</reset><i>ঞ</i>
				<reset>ঞ্আ</reset><i>ঞা</i>
				<reset>ঞ্ই</reset><i>ঞি</i>
				<reset>ঞ্ঈ</reset><i>ঞী</i>
				<reset>ঞ্উ</reset><i>ঞু</i>
				<reset>ঞ্ঊ</reset><i>ঞূ</i>
				<reset>ঞ্ঋ</reset><i>ঞৃ</i>
				<reset>ঞ্ৠ</reset><i>ঞৄ</i>
				<reset>ঞ্ঌ</reset><i>ঞৢ</i>
				<reset>ঞ্ৡ</reset><i>ঞৣ</i>
				<reset>ঞ্এ</reset><i>ঞে</i>
				<reset>ঞ্ঐ</reset><i>ঞৈ</i>
				<reset>ঞ্ও</reset><i>ঞো</i>
				<reset>ঞ্ঔ</reset><i>ঞৌ</i>

				<reset>ট্অ</reset><i>ট</i>
				<reset>ট্আ</reset><i>টা</i>
				<reset>ট্ই</reset><i>টি</i>
				<reset>ট্ঈ</reset><i>টী</i>
				<reset>ট্উ</reset><i>টু</i>
				<reset>ট্ঊ</reset><i>টূ</i>
				<reset>ট্ঋ</reset><i>টৃ</i>
				<reset>ট্ৠ</reset><i>টৄ</i>
				<reset>ট্ঌ</reset><i>টৢ</i>
				<reset>ট্ৡ</reset><i>টৣ</i>
				<reset>ট্এ</reset><i>টে</i>
				<reset>ট্ঐ</reset><i>টৈ</i>
				<reset>ট্ও</reset><i>টো</i>
				<reset>ট্ঔ</reset><i>টৌ</i>

				<reset>ঠ্অ</reset><i>ঠ</i>
				<reset>ঠ্আ</reset><i>ঠা</i>
				<reset>ঠ্ই</reset><i>ঠি</i>
				<reset>ঠ্ঈ</reset><i>ঠী</i>
				<reset>ঠ্উ</reset><i>ঠু</i>
				<reset>ঠ্ঊ</reset><i>ঠূ</i>
				<reset>ঠ্ঋ</reset><i>ঠৃ</i>
				<reset>ঠ্ৠ</reset><i>ঠৄ</i>
				<reset>ঠ্ঌ</reset><i>ঠৢ</i>
				<reset>ঠ্ৡ</reset><i>ঠৣ</i>
				<reset>ঠ্এ</reset><i>ঠে</i>
				<reset>ঠ্ঐ</reset><i>ঠৈ</i>
				<reset>ঠ্ও</reset><i>ঠো</i>
				<reset>ঠ্ঔ</reset><i>ঠৌ</i>

				<reset>ড্অ</reset><i>ড</i>
				<reset>ড্আ</reset><i>ডা</i>
				<reset>ড্ই</reset><i>ডি</i>
				<reset>ড্ঈ</reset><i>ডী</i>
				<reset>ড্উ</reset><i>ডু</i>
				<reset>ড্ঊ</reset><i>ডূ</i>
				<reset>ড্ঋ</reset><i>ডৃ</i>
				<reset>ড্ৠ</reset><i>ডৄ</i>
				<reset>ড্ঌ</reset><i>ডৢ</i>
				<reset>ড্ৡ</reset><i>ডৣ</i>
				<reset>ড্এ</reset><i>ডে</i>
				<reset>ড্ঐ</reset><i>ডৈ</i>
				<reset>ড্ও</reset><i>ডো</i>
				<reset>ড্ঔ</reset><i>ডৌ</i>

				<reset>ঢ্অ</reset><i>ঢ</i>
				<reset>ঢ্আ</reset><i>ঢা</i>
				<reset>ঢ্ই</reset><i>ঢি</i>
				<reset>ঢ্ঈ</reset><i>ঢী</i>
				<reset>ঢ্উ</reset><i>ঢু</i>
				<reset>ঢ্ঊ</reset><i>ঢূ</i>
				<reset>ঢ্ঋ</reset><i>ঢৃ</i>
				<reset>ঢ্ৠ</reset><i>ঢৄ</i>
				<reset>ঢ্ঌ</reset><i>ঢৢ</i>
				<reset>ঢ্ৡ</reset><i>ঢৣ</i>
				<reset>ঢ্এ</reset><i>ঢে</i>
				<reset>ঢ্ঐ</reset><i>ঢৈ</i>
				<reset>ঢ্ও</reset><i>ঢো</i>
				<reset>ঢ্ঔ</reset><i>ঢৌ</i>

				<reset>ণ্অ</reset><i>ণ</i>
				<reset>ণ্আ</reset><i>ণা</i>
				<reset>ণ্ই</reset><i>ণি</i>
				<reset>ণ্ঈ</reset><i>ণী</i>
				<reset>ণ্উ</reset><i>ণু</i>
				<reset>ণ্ঊ</reset><i>ণূ</i>
				<reset>ণ্ঋ</reset><i>ণৃ</i>
				<reset>ণ্ৠ</reset><i>ণৄ</i>
				<reset>ণ্ঌ</reset><i>ণৢ</i>
				<reset>ণ্ৡ</reset><i>ণৣ</i>
				<reset>ণ্এ</reset><i>ণে</i>
				<reset>ণ্ঐ</reset><i>ণৈ</i>
				<reset>ণ্ও</reset><i>ণো</i>
				<reset>ণ্ঔ</reset><i>ণৌ</i>

				<reset>ত্অ</reset><i>ত</i>
				<reset>ত্আ</reset><i>তা</i>
				<reset>ত্ই</reset><i>তি</i>
				<reset>ত্ঈ</reset><i>তী</i>
				<reset>ত্উ</reset><i>তু</i>
				<reset>ত্ঊ</reset><i>তূ</i>
				<reset>ত্ঋ</reset><i>তৃ</i>
				<reset>ত্ৠ</reset><i>তৄ</i>
				<reset>ত্ঌ</reset><i>তৢ</i>
				<reset>ত্ৡ</reset><i>তৣ</i>
				<reset>ত্এ</reset><i>তে</i>
				<reset>ত্ঐ</reset><i>তৈ</i>
				<reset>ত্ও</reset><i>তো</i>
				<reset>ত্ঔ</reset><i>তৌ</i>

				<reset>থ্অ</reset><i>থ</i>
				<reset>থ্আ</reset><i>থা</i>
				<reset>থ্ই</reset><i>থি</i>
				<reset>থ্ঈ</reset><i>থী</i>
				<reset>থ্উ</reset><i>থু</i>
				<reset>থ্ঊ</reset><i>থূ</i>
				<reset>থ্ঋ</reset><i>থৃ</i>
				<reset>থ্ৠ</reset><i>থৄ</i>
				<reset>থ্ঌ</reset><i>থৢ</i>
				<reset>থ্ৡ</reset><i>থৣ</i>
				<reset>থ্এ</reset><i>থে</i>
				<reset>থ্ঐ</reset><i>থৈ</i>
				<reset>থ্ও</reset><i>থো</i>
				<reset>থ্ঔ</reset><i>থৌ</i>

				<reset>দ্অ</reset><i>দ</i>
				<reset>দ্আ</reset><i>দা</i>
				<reset>দ্ই</reset><i>দি</i>
				<reset>দ্ঈ</reset><i>দী</i>
				<reset>দ্উ</reset><i>দু</i>
				<reset>দ্ঊ</reset><i>দূ</i>
				<reset>দ্ঋ</reset><i>দৃ</i>
				<reset>দ্ৠ</reset><i>দৄ</i>
				<reset>দ্ঌ</reset><i>দৢ</i>
				<reset>দ্ৡ</reset><i>দৣ</i>
				<reset>দ্এ</reset><i>দে</i>
				<reset>দ্ঐ</reset><i>দৈ</i>
				<reset>দ্ও</reset><i>দো</i>
				<reset>দ্ঔ</reset><i>দৌ</i>

				<reset>ধ্অ</reset><i>ধ</i>
				<reset>ধ্আ</reset><i>ধা</i>
				<reset>ধ্ই</reset><i>ধি</i>
				<reset>ধ্ঈ</reset><i>ধী</i>
				<reset>ধ্উ</reset><i>ধু</i>
				<reset>ধ্ঊ</reset><i>ধূ</i>
				<reset>ধ্ঋ</reset><i>ধৃ</i>
				<reset>ধ্ৠ</reset><i>ধৄ</i>
				<reset>ধ্ঌ</reset><i>ধৢ</i>
				<reset>ধ্ৡ</reset><i>ধৣ</i>
				<reset>ধ্এ</reset><i>ধে</i>
				<reset>ধ্ঐ</reset><i>ধৈ</i>
				<reset>ধ্ও</reset><i>ধো</i>
				<reset>ধ্ঔ</reset><i>ধৌ</i>

				<reset>ন্অ</reset><i>ন</i>
				<reset>ন্আ</reset><i>না</i>
				<reset>ন্ই</reset><i>নি</i>
				<reset>ন্ঈ</reset><i>নী</i>
				<reset>ন্উ</reset><i>নু</i>
				<reset>ন্ঊ</reset><i>নূ</i>
				<reset>ন্ঋ</reset><i>নৃ</i>
				<reset>ন্ৠ</reset><i>নৄ</i>
				<reset>ন্ঌ</reset><i>নৢ</i>
				<reset>ন্ৡ</reset><i>নৣ</i>
				<reset>ন্এ</reset><i>নে</i>
				<reset>ন্ঐ</reset><i>নৈ</i>
				<reset>ন্ও</reset><i>নো</i>
				<reset>ন্ঔ</reset><i>নৌ</i>

				<reset>প্অ</reset><i>প</i>
				<reset>প্আ</reset><i>পা</i>
				<reset>প্ই</reset><i>পি</i>
				<reset>প্ঈ</reset><i>পী</i>
				<reset>প্উ</reset><i>পু</i>
				<reset>প্ঊ</reset><i>পূ</i>
				<reset>প্ঋ</reset><i>পৃ</i>
				<reset>প্ৠ</reset><i>পৄ</i>
				<reset>প্ঌ</reset><i>পৢ</i>
				<reset>প্ৡ</reset><i>পৣ</i>
				<reset>প্এ</reset><i>পে</i>
				<reset>প্ঐ</reset><i>পৈ</i>
				<reset>প্ও</reset><i>পো</i>
				<reset>প্ঔ</reset><i>পৌ</i>

				<reset>ফ্অ</reset><i>ফ</i>
				<reset>ফ্আ</reset><i>ফা</i>
				<reset>ফ্ই</reset><i>ফি</i>
				<reset>ফ্ঈ</reset><i>ফী</i>
				<reset>ফ্উ</reset><i>ফু</i>
				<reset>ফ্ঊ</reset><i>ফূ</i>
				<reset>ফ্ঋ</reset><i>ফৃ</i>
				<reset>ফ্ৠ</reset><i>ফৄ</i>
				<reset>ফ্ঌ</reset><i>ফৢ</i>
				<reset>ফ্ৡ</reset><i>ফৣ</i>
				<reset>ফ্এ</reset><i>ফে</i>
				<reset>ফ্ঐ</reset><i>ফৈ</i>
				<reset>ফ্ও</reset><i>ফো</i>
				<reset>ফ্ঔ</reset><i>ফৌ</i>

				<reset>ব্অ</reset><i>ব</i>
				<reset>ব্আ</reset><i>বা</i>
				<reset>ব্ই</reset><i>বি</i>
				<reset>ব্ঈ</reset><i>বী</i>
				<reset>ব্উ</reset><i>বু</i>
				<reset>ব্ঊ</reset><i>বূ</i>
				<reset>ব্ঋ</reset><i>বৃ</i>
				<reset>ব্ৠ</reset><i>বৄ</i>
				<reset>ব্ঌ</reset><i>বৢ</i>
				<reset>ব্ৡ</reset><i>বৣ</i>
				<reset>ব্এ</reset><i>বে</i>
				<reset>ব্ঐ</reset><i>বৈ</i>
				<reset>ব্ও</reset><i>বো</i>
				<reset>ব্ঔ</reset><i>বৌ</i>

				<reset>ভ্অ</reset><i>ভ</i>
				<reset>ভ্আ</reset><i>ভা</i>
				<reset>ভ্ই</reset><i>ভি</i>
				<reset>ভ্ঈ</reset><i>ভী</i>
				<reset>ভ্উ</reset><i>ভু</i>
				<reset>ভ্ঊ</reset><i>ভূ</i>
				<reset>ভ্ঋ</reset><i>ভৃ</i>
				<reset>ভ্ৠ</reset><i>ভৄ</i>
				<reset>ভ্ঌ</reset><i>ভৢ</i>
				<reset>ভ্ৡ</reset><i>ভৣ</i>
				<reset>ভ্এ</reset><i>ভে</i>
				<reset>ভ্ঐ</reset><i>ভৈ</i>
				<reset>ভ্ও</reset><i>ভো</i>
				<reset>ভ্ঔ</reset><i>ভৌ</i>

				<reset>ম্অ</reset><i>ম</i>
				<reset>ম্আ</reset><i>মা</i>
				<reset>ম্ই</reset><i>মি</i>
				<reset>ম্ঈ</reset><i>মী</i>
				<reset>ম্উ</reset><i>মু</i>
				<reset>ম্ঊ</reset><i>মূ</i>
				<reset>ম্ঋ</reset><i>মৃ</i>
				<reset>ম্ৠ</reset><i>মৄ</i>
				<reset>ম্ঌ</reset><i>মৢ</i>
				<reset>ম্ৡ</reset><i>মৣ</i>
				<reset>ম্এ</reset><i>মে</i>
				<reset>ম্ঐ</reset><i>মৈ</i>
				<reset>ম্ও</reset><i>মো</i>
				<reset>ম্ঔ</reset><i>মৌ</i>

				<reset>য্অ</reset><i>য</i>
				<reset>য্আ</reset><i>যা</i>
				<reset>য্ই</reset><i>যি</i>
				<reset>য্ঈ</reset><i>যী</i>
				<reset>য্উ</reset><i>যু</i>
				<reset>য্ঊ</reset><i>যূ</i>
				<reset>য্ঋ</reset><i>যৃ</i>
				<reset>য্ৠ</reset><i>যৄ</i>
				<reset>য্ঌ</reset><i>যৢ</i>
				<reset>য্ৡ</reset><i>যৣ</i>
				<reset>য্এ</reset><i>যে</i>
				<reset>য্ঐ</reset><i>যৈ</i>
				<reset>য্ও</reset><i>যো</i>
				<reset>য্ঔ</reset><i>যৌ</i>

				<reset>র্অ</reset><i>র</i>
				<reset>র্আ</reset><i>রা</i>
				<reset>র্ই</reset><i>রি</i>
				<reset>র্ঈ</reset><i>রী</i>
				<reset>র্উ</reset><i>রু</i>
				<reset>র্ঊ</reset><i>রূ</i>
				<reset>র্ঋ</reset><i>রৃ</i>
				<reset>র্ৠ</reset><i>রৄ</i>
				<reset>র্ঌ</reset><i>রৢ</i>
				<reset>র্ৡ</reset><i>রৣ</i>
				<reset>র্এ</reset><i>রে</i>
				<reset>র্ঐ</reset><i>রৈ</i>
				<reset>র্ও</reset><i>রো</i>
				<reset>র্ঔ</reset><i>রৌ</i>

				<reset>ৰ্অ</reset><i>ৰ</i>
				<reset>ৰ্আ</reset><i>ৰা</i>
				<reset>ৰ্ই</reset><i>ৰি</i>
				<reset>ৰ্ঈ</reset><i>ৰী</i>
				<reset>ৰ্উ</reset><i>ৰু</i>
				<reset>ৰ্ঊ</reset><i>ৰূ</i>
				<reset>ৰ্ঋ</reset><i>ৰৃ</i>
				<reset>ৰ্ৠ</reset><i>ৰৄ</i>
				<reset>ৰ্ঌ</reset><i>ৰৢ</i>
				<reset>ৰ্ৡ</reset><i>ৰৣ</i>
				<reset>ৰ্এ</reset><i>ৰে</i>
				<reset>ৰ্ঐ</reset><i>ৰৈ</i>
				<reset>ৰ্ও</reset><i>ৰো</i>
				<reset>ৰ্ঔ</reset><i>ৰৌ</i>

				<reset>ল্অ</reset><i>ল</i>
				<reset>ল্আ</reset><i>লা</i>
				<reset>ল্ই</reset><i>লি</i>
				<reset>ল্ঈ</reset><i>লী</i>
				<reset>ল্উ</reset><i>লু</i>
				<reset>ল্ঊ</reset><i>লূ</i>
				<reset>ল্ঋ</reset><i>লৃ</i>
				<reset>ল্ৠ</reset><i>লৄ</i>
				<reset>ল্ঌ</reset><i>লৢ</i>
				<reset>ল্ৡ</reset><i>লৣ</i>
				<reset>ল্এ</reset><i>লে</i>
				<reset>ল্ঐ</reset><i>লৈ</i>
				<reset>ল্ও</reset><i>লো</i>
				<reset>ল্ঔ</reset><i>লৌ</i>

				<reset>ৱ্অ</reset><i>ৱ</i>
				<reset>ৱ্আ</reset><i>ৱা</i>
				<reset>ৱ্ই</reset><i>ৱি</i>
				<reset>ৱ্ঈ</reset><i>ৱী</i>
				<reset>ৱ্উ</reset><i>ৱু</i>
				<reset>ৱ্ঊ</reset><i>ৱূ</i>
				<reset>ৱ্ঋ</reset><i>ৱৃ</i>
				<reset>ৱ্ৠ</reset><i>ৱৄ</i>
				<reset>ৱ্ঌ</reset><i>ৱৢ</i>
				<reset>ৱ্ৡ</reset><i>ৱৣ</i>
				<reset>ৱ্এ</reset><i>ৱে</i>
				<reset>ৱ্ঐ</reset><i>ৱৈ</i>
				<reset>ৱ্ও</reset><i>ৱো</i>
				<reset>ৱ্ঔ</reset><i>ৱৌ</i>

				<reset>শ্অ</reset><i>শ</i>
				<reset>শ্আ</reset><i>শা</i>
				<reset>শ্ই</reset><i>শি</i>
				<reset>শ্ঈ</reset><i>শী</i>
				<reset>শ্উ</reset><i>শু</i>
				<reset>শ্ঊ</reset><i>শূ</i>
				<reset>শ্ঋ</reset><i>শৃ</i>
				<reset>শ্ৠ</reset><i>শৄ</i>
				<reset>শ্ঌ</reset><i>শৢ</i>
				<reset>শ্ৡ</reset><i>শৣ</i>
				<reset>শ্এ</reset><i>শে</i>
				<reset>শ্ঐ</reset><i>শৈ</i>
				<reset>শ্ও</reset><i>শো</i>
				<reset>শ্ঔ</reset><i>শৌ</i>

				<reset>ষ্অ</reset><i>ষ</i>
				<reset>ষ্আ</reset><i>ষা</i>
				<reset>ষ্ই</reset><i>ষি</i>
				<reset>ষ্ঈ</reset><i>ষী</i>
				<reset>ষ্উ</reset><i>ষু</i>
				<reset>ষ্ঊ</reset><i>ষূ</i>
				<reset>ষ্ঋ</reset><i>ষৃ</i>
				<reset>ষ্ৠ</reset><i>ষৄ</i>
				<reset>ষ্ঌ</reset><i>ষৢ</i>
				<reset>ষ্ৡ</reset><i>ষৣ</i>
				<reset>ষ্এ</reset><i>ষে</i>
				<reset>ষ্ঐ</reset><i>ষৈ</i>
				<reset>ষ্ও</reset><i>ষো</i>
				<reset>ষ্ঔ</reset><i>ষৌ</i>

				<reset>স্অ</reset><i>স</i>
				<reset>স্আ</reset><i>সা</i>
				<reset>স্ই</reset><i>সি</i>
				<reset>স্ঈ</reset><i>সী</i>
				<reset>স্উ</reset><i>সু</i>
				<reset>স্ঊ</reset><i>সূ</i>
				<reset>স্ঋ</reset><i>সৃ</i>
				<reset>স্ৠ</reset><i>সৄ</i>
				<reset>স্ঌ</reset><i>সৢ</i>
				<reset>স্ৡ</reset><i>সৣ</i>
				<reset>স্এ</reset><i>সে</i>
				<reset>স্ঐ</reset><i>সৈ</i>
				<reset>স্ও</reset><i>সো</i>
				<reset>স্ঔ</reset><i>সৌ</i>

				<reset>হ্অ</reset><i>হ</i>
				<reset>হ্আ</reset><i>হা</i>
				<reset>হ্ই</reset><i>হি</i>
				<reset>হ্ঈ</reset><i>হী</i>
				<reset>হ্উ</reset><i>হু</i>
				<reset>হ্ঊ</reset><i>হূ</i>
				<reset>হ্ঋ</reset><i>হৃ</i>
				<reset>হ্ৠ</reset><i>হৄ</i>
				<reset>হ্ঌ</reset><i>হৢ</i>
				<reset>হ্ৡ</reset><i>হৣ</i>
				<reset>হ্এ</reset><i>হে</i>
				<reset>হ্ঐ</reset><i>হৈ</i>
				<reset>হ্ও</reset><i>হো</i>
				<reset>হ্ঔ</reset><i>হৌ</i>

				<reset>ক</reset><t>ক়</t>
				<reset>কা</reset><t>ক়া</t>
				<reset>কি</reset><t>ক়ি</t>
				<reset>কী</reset><t>ক়ী</t>
				<reset>কু</reset><t>ক়ু</t>
				<reset>কূ</reset><t>ক়ূ</t>
				<reset>কৃ</reset><t>ক়ৃ</t>
				<reset>কৄ</reset><t>ক়ৄ</t>
				<reset>কৢ</reset><t>ক়ৢ</t>
				<reset>কৣ</reset><t>ক়ৣ</t>
				<reset>কে</reset><t>ক়ে</t>
				<reset>কৈ</reset><t>ক়ৈ</t>
				<reset>কো</reset><t>ক়ো</t>
				<reset>কৌ</reset><t>ক়ৌ</t>
				<reset>ক্</reset><t>ক়্</t>

				<reset>খ</reset><t>খ়</t>
				<reset>খা</reset><t>খ়া</t>
				<reset>খি</reset><t>খ়ি</t>
				<reset>খী</reset><t>খ়ী</t>
				<reset>খু</reset><t>খ়ু</t>
				<reset>খূ</reset><t>খ়ূ</t>
				<reset>খৃ</reset><t>খ়ৃ</t>
				<reset>খৄ</reset><t>খ়ৄ</t>
				<reset>খৢ</reset><t>খ়ৢ</t>
				<reset>খৣ</reset><t>খ়ৣ</t>
				<reset>খে</reset><t>খ়ে</t>
				<reset>খৈ</reset><t>খ়ৈ</t>
				<reset>খো</reset><t>খ়ো</t>
				<reset>খৌ</reset><t>খ়ৌ</t>
				<reset>খ্</reset><t>খ়্</t>

				<reset>গ</reset><t>গ়</t>
				<reset>গা</reset><t>গ়া</t>
				<reset>গি</reset><t>গ়ি</t>
				<reset>গী</reset><t>গ়ী</t>
				<reset>গু</reset><t>গ়ু</t>
				<reset>গূ</reset><t>গ়ূ</t>
				<reset>গৃ</reset><t>গ়ৃ</t>
				<reset>গৄ</reset><t>গ়ৄ</t>
				<reset>গৢ</reset><t>গ়ৢ</t>
				<reset>গৣ</reset><t>গ়ৣ</t>
				<reset>গে</reset><t>গ়ে</t>
				<reset>গৈ</reset><t>গ়ৈ</t>
				<reset>গো</reset><t>গ়ো</t>
				<reset>গৌ</reset><t>গ়ৌ</t>
				<reset>গ্</reset><t>গ়্</t>

				<reset>জ</reset><t>জ়</t>
				<reset>জা</reset><t>জ়া</t>
				<reset>জি</reset><t>জ়ি</t>
				<reset>জী</reset><t>জ়ী</t>
				<reset>জু</reset><t>জ়ু</t>
				<reset>জূ</reset><t>জ়ূ</t>
				<reset>জৃ</reset><t>জ়ৃ</t>
				<reset>জৄ</reset><t>জ়ৄ</t>
				<reset>জৢ</reset><t>জ়ৢ</t>
				<reset>জৣ</reset><t>জ়ৣ</t>
				<reset>জে</reset><t>জ়ে</t>
				<reset>জৈ</reset><t>জ়ৈ</t>
				<reset>জো</reset><t>জ়ো</t>
				<reset>জৌ</reset><t>জ়ৌ</t>
				<reset>জ্</reset><t>জ়্</t>

				<reset>ড</reset><t>ড়</t>
				<reset>ডা</reset><t>ড়া</t>
				<reset>ডি</reset><t>ড়ি</t>
				<reset>ডী</reset><t>ড়ী</t>
				<reset>ডু</reset><t>ড়ু</t>
				<reset>ডূ</reset><t>ড়ূ</t>
				<reset>ডৃ</reset><t>ড়ৃ</t>
				<reset>ডৄ</reset><t>ড়ৄ</t>
				<reset>ডৢ</reset><t>ড়ৢ</t>
				<reset>ডৣ</reset><t>ড়ৣ</t>
				<reset>ডে</reset><t>ড়ে</t>
				<reset>ডৈ</reset><t>ড়ৈ</t>
				<reset>ডো</reset><t>ড়ো</t>
				<reset>ডৌ</reset><t>ড়ৌ</t>
				<reset>ড্</reset><t>ড়্</t>

				<reset>ঢ</reset><t>ঢ়</t>
				<reset>ঢা</reset><t>ঢ়া</t>
				<reset>ঢি</reset><t>ঢ়ি</t>
				<reset>ঢী</reset><t>ঢ়ী</t>
				<reset>ঢু</reset><t>ঢ়ু</t>
				<reset>ঢূ</reset><t>ঢ়ূ</t>
				<reset>ঢৃ</reset><t>ঢ়ৃ</t>
				<reset>ঢৄ</reset><t>ঢ়ৄ</t>
				<reset>ঢৢ</reset><t>ঢ়ৢ</t>
				<reset>ঢৣ</reset><t>ঢ়ৣ</t>
				<reset>ঢে</reset><t>ঢ়ে</t>
				<reset>ঢৈ</reset><t>ঢ়ৈ</t>
				<reset>ঢো</reset><t>ঢ়ো</t>
				<reset>ঢৌ</reset><t>ঢ়ৌ</t>
				<reset>ঢ্</reset><t>ঢ়্</t>

				<reset>ফ</reset><t>ফ়</t>
				<reset>ফা</reset><t>ফ়া</t>
				<reset>ফি</reset><t>ফ়ি</t>
				<reset>ফী</reset><t>ফ়ী</t>
				<reset>ফু</reset><t>ফ়ু</t>
				<reset>ফূ</reset><t>ফ়ূ</t>
				<reset>ফৃ</reset><t>ফ়ৃ</t>
				<reset>ফৄ</reset><t>ফ়ৄ</t>
				<reset>ফৢ</reset><t>ফ়ৢ</t>
				<reset>ফৣ</reset><t>ফ়ৣ</t>
				<reset>ফে</reset><t>ফ়ে</t>
				<reset>ফৈ</reset><t>ফ়ৈ</t>
				<reset>ফো</reset><t>ফ়ো</t>
				<reset>ফৌ</reset><t>ফ়ৌ</t>
				<reset>ফ্</reset><t>ফ়্</t>

				<reset>ব</reset><t>ব়</t>
				<reset>বা</reset><t>ব়া</t>
				<reset>বি</reset><t>ব়ি</t>
				<reset>বী</reset><t>ব়ী</t>
				<reset>বু</reset><t>ব়ু</t>
				<reset>বূ</reset><t>ব়ূ</t>
				<reset>বৃ</reset><t>ব়ৃ</t>
				<reset>বৄ</reset><t>ব়ৄ</t>
				<reset>বৢ</reset><t>ব়ৢ</t>
				<reset>বৣ</reset><t>ব়ৣ</t>
				<reset>বে</reset><t>ব়ে</t>
				<reset>বৈ</reset><t>ব়ৈ</t>
				<reset>বো</reset><t>ব়ো</t>
				<reset>বৌ</reset><t>ব়ৌ</t>
				<reset>ব্</reset><t>ব়্</t>

				<reset>য</reset><t>য়</t>
				<reset>যা</reset><t>য়া</t>
				<reset>যি</reset><t>য়ি</t>
				<reset>যী</reset><t>য়ী</t>
				<reset>যু</reset><t>য়ু</t>
				<reset>যূ</reset><t>য়ূ</t>
				<reset>যৃ</reset><t>য়ৃ</t>
				<reset>যৄ</reset><t>য়ৄ</t>
				<reset>যৢ</reset><t>য়ৢ</t>
				<reset>যৣ</reset><t>য়ৣ</t>
				<reset>যে</reset><t>য়ে</t>
				<reset>যৈ</reset><t>য়ৈ</t>
				<reset>যো</reset><t>য়ো</t>
				<reset>যৌ</reset><t>য়ৌ</t>
				<reset>য্</reset><t>য়্</t>
			</rules>
		</collation>
	</collations>
</ldml>

