<?xml version="1.0" encoding="UTF-8" ?>
<!DOCTYPE ldml SYSTEM "../../common/dtd/ldml.dtd">
<!--
Copyright © 1991-2013 Unicode, Inc.
CLDR data files are interpreted according to the LDML specification (http://unicode.org/reports/tr35/)
For terms of use, see http://www.unicode.org/copyright.html
-->
<ldml>
	<identity>
		<version number="$Revision: 8242 $"/>
		<generation date="$Date: 2013-02-24 21:06:02 -0600 (Sun, 24 Feb 2013) $"/>
		<language type="bs" /> 
	</identity>
	<collations validSubLocales="bs_Latn bs_Latn_BA">
		<collation type="search">
			<rules><import source="hr" type="search"/></rules>
		</collation>
		<collation type="standard">
			<rules><import source="hr"/></rules>
		</collation>
	</collations>
</ldml>
