<?xml version="1.0" encoding="UTF-8" ?>
<!DOCTYPE ldml SYSTEM "../../common/dtd/ldml.dtd">
<!--
Copyright © 1991-2013 Unicode, Inc.
CLDR data files are interpreted according to the LDML specification (http://unicode.org/reports/tr35/)
For terms of use, see http://www.unicode.org/copyright.html
-->
<ldml>
	<identity>
		<version number="$Revision: 8268 $"/>
		<generation date="$Date: 2013-03-01 08:26:02 -0600 (Fri, 01 Mar 2013) $"/>
		<language type="bs"/> 
		<script type="Cyrl" /> 
	</identity>
	<collations  validSubLocales="bs_Cyrl_BA">
		<collation type="standard">
			<rules><import source="sr"/></rules>
		</collation>
    </collations>
</ldml>
