<?xml version="1.0" encoding="UTF-8" ?>
<!DOCTYPE ldml SYSTEM "../../common/dtd/ldml.dtd">
<!--
Copyright © 1991-2013 Unicode, Inc.
CLDR data files are interpreted according to the LDML specification (http://unicode.org/reports/tr35/)
For terms of use, see http://www.unicode.org/copyright.html
-->
<ldml>
	<identity>
		<version number="$Revision: 8242 $"/>
		<generation date="$Date: 2013-02-24 21:06:02 -0600 (Sun, 24 Feb 2013) $"/>
		<language type="cy" /> 
	</identity>
	<collations  validSubLocales="cy_GB">
		<collation type="standard" references="http://www.evertype.com/alphabets/welsh.pdf">
                	<rules>
				<reset>C</reset>
					<p>ch</p>
					<t>Ch</t>
					<t>CH</t>
				<reset>D</reset>
					<p>dd</p>
					<t>Dd</t>
					<t>DD</t>
				<reset>F</reset>
					<p>ff</p>
					<t>Ff</t>
					<t>FF</t>
				<reset>G</reset>
					<p>ng</p>
					<t>Ng</t>
					<t>NG</t>
				<reset>L</reset>
					<p>ll</p>
					<t>Ll</t>
					<t>LL</t>
				<reset>P</reset>
					<p>ph</p>
					<t>Ph</t>
					<t>PH</t>
				<reset>R</reset>
					<p>rh</p>
					<t>Rh</t>
					<t>RH</t>
				<reset>T</reset>
					<p>th</p>
					<t>Th</t>
					<t>TH</t>
			</rules>
		</collation>
	</collations>
</ldml>
