<?xml version="1.0" encoding="UTF-8" ?>
<!DOCTYPE ldml SYSTEM "../../common/dtd/ldml.dtd">
<!--
Copyright © 1991-2013 Unicode, Inc.
CLDR data files are interpreted according to the LDML specification (http://unicode.org/reports/tr35/)
For terms of use, see http://www.unicode.org/copyright.html
-->
<ldml>
	<identity>
		<version number="$Revision: 8242 $"/>
		<generation date="$Date: 2013-02-24 21:06:02 -0600 (Sun, 24 Feb 2013) $"/>
		<language type="eo" /> 
	</identity>
		<collations>
			<collation type="standard" >
				<rules>
					<reset>C</reset>
					<p>ĉ</p>
					<t>Ĉ</t>
					<reset>G</reset>
					<p>ĝ</p>
					<t>Ĝ</t>
					<reset>H</reset>
					<p>ĥ</p>
					<t>Ĥ</t>
					<reset>J</reset>
					<p>ĵ</p>
					<t>Ĵ</t>
					<reset>S</reset>
					<p>ŝ</p>
					<t>Ŝ</t>
					<reset>U</reset>
					<p>ŭ</p>
					<t>Ŭ</t>
				</rules>
			</collation  >
		</collations>
</ldml>
