<?xml version="1.0" encoding="UTF-8" ?>
<!DOCTYPE ldml SYSTEM "../../common/dtd/ldml.dtd">
<!--
Copyright © 1991-2013 Unicode, Inc.
CLDR data files are interpreted according to the LDML specification (http://unicode.org/reports/tr35/)
For terms of use, see http://www.unicode.org/copyright.html
-->
<ldml>
	<identity>
		<version number="$Revision: 8242 $"/>
		<generation date="$Date: 2013-02-24 21:06:02 -0600 (Sun, 24 Feb 2013) $"/>
		<language type="et" /> 
	</identity>
		<collations  validSubLocales="et_EE">
			<collation type="standard" >
				<rules>
					<reset before="primary">T</reset>
					<p>š</p>
					<t>Š</t>
					<p>z</p>
					<t>Z</t>
					<p>ž</p>
					<t>Ž</t>
					<reset>v</reset>
					<s>w</s>
					<t>W</t>
					<reset before="primary">X</reset>
					<p>õ</p>
					<t>Õ</t>
					<p>ä</p>
					<t>Ä</t>
					<p>ö</p>
					<t>Ö</t>
					<p>ü</p>
					<t>Ü</t>
				</rules>
			</collation>
		</collations>
</ldml>
