<?xml version="1.0" encoding="UTF-8" ?>
<!DOCTYPE ldml SYSTEM "../../common/dtd/ldml.dtd">
<!--
Copyright © 1991-2013 Unicode, Inc.
CLDR data files are interpreted according to the LDML specification (http://unicode.org/reports/tr35/)
For terms of use, see http://www.unicode.org/copyright.html
-->
<ldml>
	<identity>
		<version number="$Revision: 8242 $"/>
		<generation date="$Date: 2013-02-24 21:06:02 -0600 (Sun, 24 Feb 2013) $"/>
		<language type="fa" /> 
	</identity>
		<collations  validSubLocales="fa_IR">
			<collation type="standard" >
				<settings normalization="on" reorder="Arab"/>
				<rules>
					<reset>َ</reset>
					<sc>ًٌٍُِ</sc>
					<reset before="primary">ا</reset>
					<p>آ</p>
					<reset>ا</reset>
					<s>ٱ</s>
					<p>ء</p>
					<sc>أٲإٳؤ</sc>
					<s>یٔ</s>
					<t>ىٔ</t>
					<t>ئ</t>
					<reset>ک</reset>
					<sc>ڪګكڬڭڮ</sc>
					<reset>ۏ</reset>
					<p>ه</p>
					<sc>ەہةۃۀھ</sc>
					<reset>ی</reset>
					<sc>ىےيېۑۍێ</sc>
				</rules>
			</collation  >
		</collations>
</ldml>
