<?xml version="1.0" encoding="UTF-8" ?>
<!DOCTYPE ldml SYSTEM "../../common/dtd/ldml.dtd">
<!--
Copyright © 1991-2013 Unicode, Inc.
CLDR data files are interpreted according to the LDML specification (http://unicode.org/reports/tr35/)
For terms of use, see http://www.unicode.org/copyright.html
-->
<ldml>
	<identity>
		<version number="$Revision: 8242 $" />
		<generation date="$Date: 2013-02-24 21:06:02 -0600 (Sun, 24 Feb 2013) $" />
		<language type="gu" />
	</identity>
	<collations validSubLocales="gu_IN">
		<collation type="standard" references="M. B. Belsare: Gujarati-English Dictionary ISBN:8120600908">
			<settings normalization="on" reorder="Gujr Deva Beng Guru Orya Taml Telu Knda Mlym Sinh"/>
			<rules>
				<!--
					The following tailoring is an adjustment of the DUCET collation
					order for ANUSVARA, CANDRABINDU, and VISARGA. Instead of being
					sorted with secondary weights, they are collated on primary level
					before the independent vowels. CANDRABINDU is secondary different
					from ANUSVARA.
				-->
				<reset>ૐ</reset>
				<p>ં</p>
				<s>ઁ</s>
				<p>ઃ</p>
			</rules>
		</collation>
		<collation type="standard" references="http://www.eki.ee/wgrs/rom1_gu.pdf"
			draft="unconfirmed" alt="proposed">
			<settings normalization="on" reorder="Gujr Deva Beng Guru Orya Taml Telu Knda Mlym Sinh"/>
			<rules>

				<!--
					The following tailoring is an adjustment of the DUCET collation
					order for ANUSVARA, CANDRABINDU, and VISARGA. Instead of being
					sorted with secondary weights, they are collated on primary level
					before the independent vowels. CANDRABINDU is secondary different
					from ANUSVARA.
				-->
				<reset>ૐ</reset>
				<p>ં</p>
				<s>ઁ</s>
				<p>ઃ</p>

				<!--
					The following tailoring is an adjustment of the DUCET collation
					order for LLA. Instead of being sorted after LA, LLA is sorted
					after HA.
				-->
				<reset>હ</reset>
				<p>ળ</p>

			</rules>
		</collation>
	</collations>
</ldml>
