<?xml version="1.0" encoding="UTF-8" ?>
<!DOCTYPE ldml SYSTEM "../../common/dtd/ldml.dtd">
<!--
Copyright © 1991-2013 Unicode, Inc.
CLDR data files are interpreted according to the LDML specification (http://unicode.org/reports/tr35/)
For terms of use, see http://www.unicode.org/copyright.html
-->
<ldml>
	<identity>
		<version number="$Revision: 8242 $"/>
		<generation date="$Date: 2013-02-24 21:06:02 -0600 (Sun, 24 Feb 2013) $"/>
		<language type="ha"/> 
	</identity>
	<collations validSubLocales="ha_Latn ha_Latn_GH ha_Latn_NE ha_Latn_NG">
		<collation type="standard" references="Paul Newman: Hausa-English Dictionary ISBN 978-0-300-12246-6">
			<rules>
				<reset>B</reset>
				<p>ɓ</p>
				<t>Ɓ</t>
				<reset>D</reset>
				<p>ɗ</p>
				<t>Ɗ</t>
				<reset>K</reset>
				<p>ƙ</p>
				<t>Ƙ</t>
				<reset>S</reset>
				<p>sh</p>
				<t>Sh</t>
				<t>SH</t>
				<reset>T</reset>
				<p>ts</p>
				<t>Ts</t>
				<t>TS</t>
				<reset>Y</reset>
				<p>ƴ</p>
				<t>ʼy</t>
				<t>'y</t>
				<t>Ƴ</t>
				<t>ʼY</t>
				<t>'Y</t>
			</rules>
		</collation>
	</collations>
</ldml>
