<?xml version="1.0" encoding="UTF-8" ?>
<!DOCTYPE ldml SYSTEM "../../common/dtd/ldml.dtd">
<!--
Copyright © 1991-2013 Unicode, Inc.
CLDR data files are interpreted according to the LDML specification (http://unicode.org/reports/tr35/)
For terms of use, see http://www.unicode.org/copyright.html
-->
<ldml draft="unconfirmed">
	<identity>
		<version number="$Revision: 8242 $"/>
		<generation date="$Date: 2013-02-24 21:06:02 -0600 (Sun, 24 Feb 2013) $" />
		<language type="haw" /> 
	</identity>
		<collations validSubLocales="haw_US">
			<collation type="standard" >
				<rules>
					<reset>a</reset>
					<pc>eiouhklmnpwʻ</pc>
					<reset>a</reset>
					<t>A</t>
					<reset>e</reset>
					<t>E</t>
					<reset>i</reset>
					<t>I</t>
					<reset>o</reset>
					<t>O</t>
					<reset>u</reset>
					<t>U</t>
					<reset>h</reset>
					<t>H</t>
					<reset>k</reset>
					<t>K</t>
					<reset>l</reset>
					<t>L</t>
					<reset>m</reset>
					<t>M</t>
					<reset>n</reset>
					<t>N</t>
					<reset>p</reset>
					<t>P</t>
					<reset>w</reset>
					<t>W</t>
				</rules>
			</collation>
		</collations>
</ldml>
