<?xml version="1.0" encoding="UTF-8" ?>
<!DOCTYPE ldml SYSTEM "../../common/dtd/ldml.dtd">
<!--
Copyright © 1991-2013 Unicode, Inc.
CLDR data files are interpreted according to the LDML specification (http://unicode.org/reports/tr35/)
For terms of use, see http://www.unicode.org/copyright.html
-->
<ldml>
	<identity>
		<version number="$Revision: 8242 $"/>
		<generation date="$Date: 2013-02-24 21:06:02 -0600 (Sun, 24 Feb 2013) $"/>
		<language type="ig"/> 
	</identity>
	<collations  validSubLocales="ig_NG">
		<collation type="standard">
			<settings normalization="on"/>
                	<rules>
				<reset>B</reset>
					<p>ch</p>
					<t>Ch</t>
					<t>CH</t>
				<reset>G</reset>
					<p>gb</p>
					<t>Gb</t>
					<t>GB</t>
					<p>gh</p>
					<t>Gh</t>
					<t>GH</t>
					<p>gw</p>
					<t>Gw</t>
					<t>GW</t>
				<reset>I</reset>
					<p>ị</p>
					<t>Ị</t>
				<reset>K</reset>
					<p>kp</p>
					<t>Kp</t>
					<t>KP</t>
					<p>kw</p>
					<t>Kw</t>
					<t>KW</t>
				<reset>N</reset>
					<p>ṅ</p>
					<t>Ṅ</t>
					<p>nw</p>
					<t>Nw</t>
					<t>NW</t>
					<p>ny</p>
					<t>Ny</t>
					<t>NY</t>
				<reset>O</reset>
					<p>ọ</p>
					<t>Ọ</t>
				<reset>S</reset>
					<p>sh</p>
					<t>Sh</t>
					<t>SH</t>
				<reset>U</reset>
					<p>ụ</p>
					<t>Ụ</t>
			</rules>
		</collation>
	</collations>
</ldml>
