<?xml version="1.0" encoding="UTF-8" ?>
<!DOCTYPE ldml SYSTEM "../../common/dtd/ldml.dtd">
<!--
Copyright © 1991-2013 Unicode, Inc.
CLDR data files are interpreted according to the LDML specification (http://unicode.org/reports/tr35/)
For terms of use, see http://www.unicode.org/copyright.html
-->
<ldml>
	<identity>
		<version number="$Revision: 8242 $"/>
		<generation date="$Date: 2013-02-24 21:06:02 -0600 (Sun, 24 Feb 2013) $"/>
		<language type="lv" /> 
	</identity>
		<collations  validSubLocales="lv_LV">
			<collation type="standard" references="Dzintra Kalniņa: Latvian-English Dictionary ISBN 9984-700-52-6">
				<rules>
					<reset before="primary">D</reset>
					<p>č</p>
					<t>Č</t>
					<reset before="primary">H</reset>
					<p>ģ</p>
					<t>Ģ</t>
					<reset before="primary">L</reset>
					<p>ķ</p>
					<t>Ķ</t>
					<reset before="primary">M</reset>
					<p>ļ</p>
					<t>Ļ</t>
					<reset before="primary">O</reset>
					<p>ņ</p>
					<t>Ņ</t>
					<reset before="primary">S</reset>
					<p>ŗ</p>
					<t>Ŗ</t>
					<reset before="primary">T</reset>
					<p>š</p>
					<t>Š</t>
					<reset before="primary">Ʒ</reset>
					<p>ž</p>
					<t>Ž</t>
				</rules>
			</collation>
		</collations>
</ldml>
