<?xml version="1.0" encoding="UTF-8" ?>
<!DOCTYPE ldml SYSTEM "../../common/dtd/ldml.dtd">
<!--
Copyright © 1991-2013 Unicode, Inc.
CLDR data files are interpreted according to the LDML specification (http://unicode.org/reports/tr35/)
For terms of use, see http://www.unicode.org/copyright.html
-->
<ldml>
	<identity>
		<version number="$Revision: 8242 $"/>
		<generation date="$Date: 2013-02-24 21:06:02 -0600 (Sun, 24 Feb 2013) $"/>
		<language type="ml" />
	</identity>
	<collations  validSubLocales="ml_IN">
		<collation type="standard" references="Sabdatharavali Malayalam Dictionary 23rd Ed. by Sahithya Pravarthaka Co-operative Society Ltd.">
			<settings reorder="Mlym Latn Deva Arab Taml Knda Telu Beng Guru Gujr Orya Sinh"/><!-- native speaker's special list -->
			<rules>
				<!--
				  Avagraha and Visarga are primary ignorables.
				-->
				<reset>ഃ</reset>
				<s>ഽ</s>

				<!--
				  Archaic and modern AU-Signs are different only by tertiary.
				-->
				<reset>ോ</reset>
				<p>ൗ</p>
				<reset>ൗ</reset>
				<t>ൌ</t>
				
				<!--
				  Pre-5.1 Chillus secondary equal to 5.1 chillus.
				  Chillus primary equal to its consonant_dead form.
				-->
				<reset>ക്</reset>
				<s>ക്‍</s>
				<reset>ക്‍</reset>
				<t>ൿ</t>

				<reset>ണ്</reset>
				<s>ണ്‍ </s>
				<reset>ണ്‍ </reset>
				<t>ൺ</t>

				<reset>ന്</reset>
				<s>ന്‍</s>
				<reset>ന്‍</reset>
				<t>ൻ</t>

				<reset>ര്</reset>
				<s>ര്‍</s>
				<reset>ര്‍</reset>
				<t>ർ</t>

				<reset>ല്</reset>
				<s>ല്‍</s>
				<reset>ല്‍</reset>
				<t>ൽ</t>

				<reset>ള്</reset>
				<s>ള്‍</s>
				<reset>ള്‍</reset>
				<t>ൾ</t>

				<!--
				  Anuswara primary equal to MA_dead.
				-->
				<reset>മ്</reset>
				<s>ം</s>

				<!--
				  /nta/ is sorted as <NA, Virama, RRA>.
				-->
				<reset>ന്</reset>
				<t>ൻ്</t>
			</rules>
		</collation>
	</collations>
</ldml>

