<?xml version="1.0" encoding="UTF-8" ?>
<!DOCTYPE ldml SYSTEM "../../common/dtd/ldml.dtd">
<!--
Copyright © 1991-2013 Unicode, Inc.
CLDR data files are interpreted according to the LDML specification (http://unicode.org/reports/tr35/)
For terms of use, see http://www.unicode.org/copyright.html
-->
<ldml>
	<identity>
		<version number="$Revision: 8242 $"/>
		<generation date="$Date: 2013-02-24 21:06:02 -0600 (Sun, 24 Feb 2013) $"/>
		<language type="mt" /> 
	</identity>
		<collations  validSubLocales="mt_MT">
			<collation type="standard">
				<settings caseFirst="upper"/>
				<rules>
					<reset before="primary">c</reset>
					<p>Ċ</p>
					<t>ċ</t>
					<reset before="primary">g</reset>
					<p>Ġ</p>
					<t>ġ</t>
					<reset before="primary">h</reset>
					<p>GĦ</p>
					<t>Għ</t>
					<t>gĦ</t>
					<t>għ</t>
					<reset before="primary">i</reset>
					<p>Ħ</p>
					<t>ħ</t>
					<reset before="primary">z</reset>
					<p>Ż</p>
					<t>ż</t>
				</rules>
			</collation>
		</collations>
</ldml>
