<?xml version="1.0" encoding="UTF-8" ?>
<!DOCTYPE ldml SYSTEM "../../common/dtd/ldml.dtd">
<!--
Copyright © 1991-2013 Unicode, Inc.
CLDR data files are interpreted according to the LDML specification (http://unicode.org/reports/tr35/)
For terms of use, see http://www.unicode.org/copyright.html
-->
<ldml>
	<identity>
		<version number="$Revision: 8242 $"/>
		<generation date="$Date: 2013-02-24 21:06:02 -0600 (Sun, 24 Feb 2013) $"/>
		<language type="om" /> 
	</identity>
	<collations  validSubLocales="om_ET om_KE">
		<collation type="standard" >
			<rules>
				<reset>Z</reset>
				<p>ch</p>
				<t>Ch</t>
				<t>CH</t>
				<p>dh</p>
				<t>Dh</t>
				<t>DH</t>
				<p>kh</p>
				<t>Kh</t>
				<t>KH</t>
				<p>ny</p>
				<t>Ny</t>
				<t>NY</t>
				<p>ph</p>
				<t>Ph</t>
				<t>PH</t>
				<p>sh</p>
				<t>Sh</t>
			</rules>
		</collation  >
	</collations>
</ldml>
