<?xml version="1.0" encoding="UTF-8" ?>
<!DOCTYPE ldml SYSTEM "../../common/dtd/ldml.dtd">
<!--
Copyright © 1991-2013 Unicode, Inc.
CLDR data files are interpreted according to the LDML specification (http://unicode.org/reports/tr35/)
For terms of use, see http://www.unicode.org/copyright.html
-->
<ldml>
	<identity>
		<version number="$Revision: 8242 $"/>
		<generation date="$Date: 2013-02-24 21:06:02 -0600 (Sun, 24 Feb 2013) $"/>
		<language type="ps" /> 
	</identity>
		<collations  validSubLocales="ps_AF">
			<collation type="standard" >
				<settings normalization="on" reorder="Arab"/>
				<rules>
					<reset>َ</reset>
					<sc>ًٌٍُِ</sc>
					<reset before="primary">ا</reset>
					<p>آ</p>
					<reset>ا</reset>
					<sc>أٲٱإٳ</sc>
					<p>ء</p>
					<reset>ت</reset>
					<p>ټ</p>
					<s>ٹ</s>
					<reset>ج</reset>
					<p>ځ</p>
					<s>حٔ</s>
					<reset>چ</reset>
					<p>څ</p>
					<reset>د</reset>
					<p>ډ</p>
					<s>ڈ</s>
					<reset>ر</reset>
					<p>ړ</p>
					<s>ڑ</s>
					<reset>ژ</reset>
					<p>ږ</p>
					<reset>ک</reset>
					<sc>ڪك</sc>
					<reset>ګ</reset>
					<s>گ</s>
					<reset>ڼ</reset>
					<s>ڻ</s>
					<reset>و</reset>
					<sc>ؤۇۉ</sc>
					<reset>ه</reset>
					<t>ۀ</t>
					<t>هٔ</t>
					<sc>ەہھةۃ</sc>
					<reset>ی</reset>
					<sc>ىےيېۍ</sc>
					<s>یٔ</s>
					<t>ىٔ</t>
					<t>ئ</t>
					<reset> </reset>
					<s>&#x200C;</s>
					<s>&#x200D;</s>
				</rules>
			</collation  >
		</collations>
</ldml>
