<?xml version="1.0" encoding="UTF-8" ?>
<!DOCTYPE ldml SYSTEM "../../common/dtd/ldml.dtd">
<!--
Copyright © 1991-2013 Unicode, Inc.
CLDR data files are interpreted according to the LDML specification (http://unicode.org/reports/tr35/)
For terms of use, see http://www.unicode.org/copyright.html
-->
<ldml>
	<identity>
		<version number="$Revision: 8242 $"/>
		<generation date="$Date: 2013-02-24 21:06:02 -0600 (Sun, 24 Feb 2013) $"/>
		<language type="ro" /> 
	</identity>
		<collations validSubLocales="ro_RO ro_MD">
			<collation type="standard" references="Academia Română: DEX - Dicționarul explicativ al limbii române ISBN 973-924-329-2">
				<rules>
					<reset>A</reset>
					<p>ă</p>
					<t>Ă</t>
					<p>â</p>
					<t>Â</t>
					<reset>I</reset>
					<p>î</p>
					<t>Î</t>
					<reset>S</reset>
					<p>ş</p>
					<i>ș</i>
					<t>Ş</t>
					<i>Ș</i>
					<reset>T</reset>
					<p>ţ</p>
					<i>ț</i>
					<t>Ţ</t>
					<i>Ț</i>
				</rules>
			</collation>
		</collations>
</ldml>
