<?xml version="1.0" encoding="UTF-8" ?>
<!DOCTYPE ldml SYSTEM "../../common/dtd/ldml.dtd">
<!--
Copyright © 1991-2013 Unicode, Inc.
CLDR data files are interpreted according to the LDML specification (http://unicode.org/reports/tr35/)
For terms of use, see http://www.unicode.org/copyright.html
-->
<ldml>
	<identity>
		<version number="$Revision: 8242 $" />
		<generation date="$Date: 2013-02-24 21:06:02 -0600 (Sun, 24 Feb 2013) $" />
		<language type="sl" />
	</identity>
	<collations validSubLocales="sl_SI">
		<collation type="standard" references="Anton Bajec: Slovar slovenskega knjižnega jezika ISBN 86-341-1111-3">
			<rules>
				<reset>C</reset>
				<p>č</p>
				<t>Č</t>
				<p>ć</p>
				<t>Ć</t>
				<reset>D</reset>
				<p>đ</p>
				<t>Đ</t>
				<reset>S</reset>
				<p>š</p>
				<t>Š</t>
				<reset>Z</reset>
				<p>ž</p>
				<t>Ž</t>
			</rules>
		</collation>
		<collation type="standard" draft="unconfirmed" alt="proposed">
			<rules>
				<reset>C</reset>
				<p>č</p>
				<t>Č</t>
				<reset>S</reset>
				<p>š</p>
				<t>Š</t>
				<reset>Z</reset>
				<p>ž</p>
				<t>Ž</t>
			</rules>
		</collation>
	</collations>
</ldml>
