<?xml version="1.0" encoding="UTF-8" ?>
<!DOCTYPE ldml SYSTEM "../../common/dtd/ldml.dtd">
<!--
Copyright © 1991-2013 Unicode, Inc.
CLDR data files are interpreted according to the LDML specification (http://unicode.org/reports/tr35/)
For terms of use, see http://www.unicode.org/copyright.html
-->
<ldml>
	<identity>
		<version number="$Revision: 8678 $"/>
		<generation date="$Date: 2013-05-03 22:16:36 -0500 (Fri, 03 May 2013) $"/>
		<language type="sq" /> 
	</identity>
		<collations  validSubLocales="sq_AL sq_MK sq_XK">
			<collation type="standard" >
				<rules>
					<reset before="primary">D</reset>
					<p>ç</p>
					<t>Ç</t>
					<reset before="primary">E</reset>
					<p>dh</p>
					<t>Dh</t>
					<t>DH</t>
					<reset before="primary">F</reset>
					<p>ë</p>
					<t>Ë</t>
					<reset before="primary">H</reset>
					<p>gj</p>
					<t>Gj</t>
					<t>GJ</t>
					<reset before="primary">M</reset>
					<p>ll</p>
					<t>Ll</t>
					<t>LL</t>
					<reset before="primary">O</reset>
					<p>nj</p>
					<t>Nj</t>
					<t>NJ</t>
					<reset before="primary">S</reset>
					<p>rr</p>
					<t>Rr</t>
					<t>RR</t>
					<reset before="primary">T</reset>
					<p>sh</p>
					<t>Sh</t>
					<t>SH</t>
					<reset before="primary">U</reset>
					<p>th</p>
					<t>Th</t>
					<t>TH</t>
					<reset before="primary">Y</reset>
					<p>xh</p>
					<t>Xh</t>
					<t>XH</t>
					<reset before="primary">Ʒ</reset>
					<p>zh</p>
					<t>Zh</t>
					<t>ZH</t>
				</rules>
			</collation  >
			<collation draft="unconfirmed" alt="proposed" type="standard" >
				<rules>
					<reset before="primary">D</reset>
					<p>ç</p>
					<t>Ç</t>
					<reset before="primary">E</reset>
					<p>dh</p>
					<t>dH</t>
					<t>Dh</t>
					<t>DH</t>
					<reset before="primary">F</reset>
					<p>ë</p>
					<t>Ë</t>
					<reset before="primary">H</reset>
					<p>gj</p>
					<t>gJ</t>
					<t>Gj</t>
					<t>GJ</t>
					<reset before="primary">M</reset>
					<p>ll</p>
					<t>lL</t>
					<t>Ll</t>
					<t>LL</t>
					<reset before="primary">O</reset>
					<p>nj</p>
					<t>nJ</t>
					<t>Nj</t>
					<t>NJ</t>
					<reset before="primary">S</reset>
					<p>rr</p>
					<t>rR</t>
					<t>Rr</t>
					<t>RR</t>
					<reset before="primary">T</reset>
					<p>sh</p>
					<t>sH</t>
					<t>Sh</t>
					<t>SH</t>
					<reset before="primary">U</reset>
					<p>th</p>
					<t>tH</t>
					<t>Th</t>
					<t>TH</t>
					<reset before="primary">Y</reset>
					<p>xh</p>
					<t>xH</t>
					<t>Xh</t>
					<t>XH</t>
					<reset before="primary">Ʒ</reset>
					<p>zh</p>
					<t>zH</t>
					<t>Zh</t>
					<t>ZH</t>
				</rules>
			</collation  >
		</collations>
</ldml>
