<?xml version="1.0" encoding="UTF-8" ?>
<!DOCTYPE ldml SYSTEM "../../common/dtd/ldml.dtd">
<!--
Copyright © 1991-2013 Unicode, Inc.
CLDR data files are interpreted according to the LDML specification (http://unicode.org/reports/tr35/)
For terms of use, see http://www.unicode.org/copyright.html
-->
<ldml>
	<identity>
		<version number="$Revision: 8678 $"/>
		<generation date="$Date: 2013-05-03 22:16:36 -0500 (Fri, 03 May 2013) $"/>
		<language type="sr"/> 
	</identity>
	<collations  validSubLocales="sr_Cyrl sr_Cyrl_BA sr_Cyrl_ME sr_Cyrl_RS sr_Cyrl_XK">
		<collation type="standard">
			<settings reorder="Cyrl"/>
			<suppress_contractions>[АаӘәГгЕеЖжЗзИиІіОоӨөКкУуЧчЫыЭэѴѵ]</suppress_contractions>
        </collation>
    </collations>
</ldml>
