<?xml version="1.0" encoding="UTF-8" ?>
<!DOCTYPE ldml SYSTEM "../../common/dtd/ldml.dtd">
<!--
Copyright © 1991-2013 Unicode, Inc.
CLDR data files are interpreted according to the LDML specification (http://unicode.org/reports/tr35/)
For terms of use, see http://www.unicode.org/copyright.html
-->
<ldml>
	<identity>
		<version number="$Revision: 8678 $"/>
		<generation date="$Date: 2013-05-03 22:16:36 -0500 (Fri, 03 May 2013) $"/>
		<language type="sr" /> 
		<script type="Latn" /> 
	</identity>
	<collations validSubLocales="sr_Latn_RS sr_Latn_BA sr_Latn_ME sr_Latn_XK">
		<collation type="search">
			<rules><import source="hr" type="search"/></rules>
		</collation>
		<collation type="standard">
			<rules><import source="hr"/></rules>
		</collation>
	</collations>
</ldml>
