<?xml version="1.0" encoding="UTF-8" ?>
<!DOCTYPE ldml SYSTEM "../../common/dtd/ldml.dtd">
<!--
Copyright © 1991-2013 Unicode, Inc.
CLDR data files are interpreted according to the LDML specification (http://unicode.org/reports/tr35/)
For terms of use, see http://www.unicode.org/copyright.html
-->
<ldml>
	<identity>
		<version number="$Revision: 8242 $"/>
		<generation date="$Date: 2013-02-24 21:06:02 -0600 (Sun, 24 Feb 2013) $"/>
		<language type="to" /> 
	</identity>
	<collations validSubLocales="to_TO">
        <collation type="standard">
            <rules>
                <reset>n</reset>
                    <p>ng</p>
                    <t>Ng</t>
                    <t>NG</t>
                    <t>ŋ</t>
                    <t>Ŋ</t>
                <reset>z</reset>
                    <p>ʻ</p>
                    <t>ʽ</t>
                <reset>a</reset>
                    <s>á</s>
                    <t>Á</t>
                    <s>ā</s>
                    <t>Ā</t>
                <reset>e</reset>
                    <s>é</s>
                    <t>É</t>
                    <s>ē</s>
                    <t>Ē</t>
                <reset>i</reset>
                    <s>í</s>
                    <t>Í</t>
                    <s>ī</s>
                    <t>Ī</t>
                <reset>o</reset>
                    <s>ó</s>
                    <t>Ó</t>
                    <s>ō</s>
                    <t>Ō</t>
                <reset>u</reset>
                    <s>ú</s>
                    <t>Ú</t>
                    <s>ū</s>
                    <t>Ū</t>
            </rules>
        </collation>
    </collations>
</ldml>
