<?xml version="1.0" encoding="UTF-8" ?>
<!DOCTYPE ldml SYSTEM "../../common/dtd/ldml.dtd">
<!--
Copyright © 1991-2013 Unicode, Inc.
CLDR data files are interpreted according to the LDML specification (http://unicode.org/reports/tr35/)
For terms of use, see http://www.unicode.org/copyright.html
-->
<ldml>
	<identity>
		<version number="$Revision: 8242 $"/>
		<generation date="$Date: 2013-02-24 21:06:02 -0600 (Sun, 24 Feb 2013) $"/>
		<language type="ur" /> 
	</identity>
	<collations validSubLocales="ur_PK ur_IN">
		<collation type="standard" references="http://www.panl10n.net/english/outputs/Pakistan/Urdu-Encoding-Collation.pdf">
			<settings reorder="Arab"/>
			<rules>
				<reset>ا</reset>
				<s>أ</s>
				<p>آ</p>
				<p>ب</p>
				<p>بھ</p>
				<p>پ</p>
				<p>پھ</p>
				<p>ت</p>
				<p>تھ</p>
				<p>ٹ</p>
				<p>ٹھ</p>
				<p>ث</p>
				<p>ج</p>
				<p>جھ</p>
				<p>چ</p>
				<p>چھ</p>
				<p>ح</p>
				<p>خ</p>
				<p>د</p>
				<p>دھ</p>
				<p>ڈ</p>
				<p>ڈھ</p>
				<p>ذ</p>
				<p>ر</p>
				<p>رھ</p>
				<p>ڑ</p>
				<p>ڑھ</p>
				<p>ز</p>
				<p>ژ</p>
				<p>س</p>
				<p>ش</p>
				<p>ص</p>
				<p>ض</p>
				<p>ط</p>
				<p>ظ</p>
				<p>ع</p>
				<p>غ</p>
				<p>ف</p>
				<p>ق</p>
				<p>ک</p>
				<p>کھ</p>
				<p>گ</p>
				<p>گھ</p>
				<p>ل</p>
				<p>لھ</p>
				<p>م</p>
				<p>مھ</p>
				<p>ن</p>
				<p>نھ</p>
				<p>ں</p>
				<p>ںھ</p>
				<p>و</p>
				<s>ؤ</s>
				<p>وھ</p>
				<p>ہ</p>
				<s>ۂ</s>
				<p>ھ</p>
				<p>ۃ</p>
				<p>ء</p>
				<p>ی</p>
				<s>ئ</s>
				<p>یھ</p>
				<p>ے</p>
				<s>ۓ</s>
				<reset>&#x0652;</reset>
				<s>&#x064E;</s>
				<s>&#x0650;</s>
				<s>&#x064F;</s>
				<s>&#x0670;</s>
				<s>&#x0656;</s>
				<s>&#x0657;</s>
				<s>&#x064B;</s>
				<s>&#x064D;</s>
				<s>&#x064C;</s>
				<s>&#x0654;</s>
				<s>&#x0651;</s>
				<s>&#x0658;</s>
				<s>&#x0653;</s>
				<reset><last_tertiary_ignorable/></reset>
				<t>&#x0610;</t>
				<t>&#x0611;</t>
				<t>&#x0613;</t>
				<t>&#x0612;</t>
				<t>&#x0614;</t>
			</rules>
		</collation>
	</collations>
</ldml>
