<?xml version="1.0" encoding="UTF-8" ?>
<!DOCTYPE ldml SYSTEM "../../common/dtd/ldml.dtd">
<!--
Copyright © 1991-2013 Unicode, Inc.
CLDR data files are interpreted according to the LDML specification (http://unicode.org/reports/tr35/)
For terms of use, see http://www.unicode.org/copyright.html
-->
<ldml>
	<identity>
		<version number="$Revision: 8242 $"/>
		<generation date="$Date: 2013-02-24 21:06:02 -0600 (Sun, 24 Feb 2013) $"/>
		<language type="vi" /> 
	</identity>
		<collations validSubLocales="vi_VN">
			<collation type="standard" >
				<settings normalization="on"  />
				<rules>
					<reset>̀</reset>
					<sc>̣̉̃́</sc>
					<reset>a</reset>
					<p>ă</p>
					<t>Ă</t>
					<p>â</p>
					<t>Â</t>
					<reset>d</reset>
					<p>đ</p>
					<t>Đ</t>
					<reset>e</reset>
					<p>ê</p>
					<t>Ê</t>
					<reset>o</reset>
					<p>ô</p>
					<t>Ô</t>
					<p>ơ</p>
					<t>Ơ</t>
					<reset>u</reset>
					<p>ư</p>
					<t>Ư</t>
				</rules>
			</collation  >
		</collations>
</ldml>
