<?xml version="1.0" encoding="UTF-8" ?>
<!DOCTYPE ldml SYSTEM "../../common/dtd/ldml.dtd">
<!--
Copyright © 1991-2013 Unicode, Inc.
CLDR data files are interpreted according to the LDML specification (http://unicode.org/reports/tr35/)
For terms of use, see http://www.unicode.org/copyright.html
-->
<ldml>
	<identity>
		<version number="$Revision: 8242 $"/>
		<generation date="$Date: 2013-02-24 21:06:02 -0600 (Sun, 24 Feb 2013) $"/>
		<language type="wae"/>
	</identity>
	<collations validSubLocales="wae_CH">
		<collation type="standard" draft="unconfirmed">
			<rules>
				<reset>á</reset>
					<i>aa</i>
				<reset>ã</reset>
					<i>ää</i>
				<reset>é</reset>
					<i>ee</i>
				<reset>í</reset>
					<i>ii</i>
				<reset>ó</reset>
					<i>oo</i>
				<reset>õ</reset>
					<i>öö</i>
				<reset>č</reset>
					<i>ch</i>
				<reset>š</reset>
					<i>sch</i>
				<reset>ú</reset>
					<i>uu</i>
				<reset>ũ</reset>
					<i>üü</i>
			</rules>
		</collation>
	</collations>
</ldml>
