<?xml version="1.0" encoding="UTF-8" ?>
<!DOCTYPE ldml SYSTEM "../../common/dtd/ldml.dtd">
<!--
Copyright © 1991-2013 Unicode, Inc.
CLDR data files are interpreted according to the LDML specification (http://unicode.org/reports/tr35/)
For terms of use, see http://www.unicode.org/copyright.html
-->
<ldml>
	<identity>
		<version number="$Revision: 8242 $"/>
		<generation date="$Date: 2013-02-24 21:06:02 -0600 (Sun, 24 Feb 2013) $"/>
		<language type="yo"/> 
	</identity>
	<collations validSubLocales="yo_NG">
		<collation type="standard" references="Nigeria University Press: A dictionary of the Yoruba language ISBN 978-030-760-5">
			<settings normalization="on"/>
                	<rules>
				<reset>E</reset>
					<p>ẹ</p>
					<t>Ẹ</t>
				<reset>G</reset>
					<p>gb</p>
					<t>Gb</t>
					<t>GB</t>
				<reset>O</reset>
					<p>ọ</p>
					<t>Ọ</t>
				<reset>S</reset>
					<p>ṣ</p>
					<t>Ṣ</t>
			</rules>
		</collation>
	</collations>
</ldml>
